linha_csv,id,date,preco,area,preco_estimado,residuo,residuo_estud,alavancagem,distancia_cook,sinal_residuo,sinal_alavanca,sinal_cook,sinalizado
7254,6762700020,2014-10-13,18420710.0,1119.481632,8322834.43832624,10097875.56167376,16.522366649931758,0.008061560773345654,0.36976659370564546,True,True,True,True
3916,9808700762,2014-06-11,15754318.75,932.7465216,6326936.951722622,9427381.798277378,15.40856953209574,0.005907610800131728,0.23515733054815358,True,True,True,True
9256,9208900037,2014-09-19,16287156.000000002,918.8110656,6648595.880120307,9638560.119879695,15.73978916166432,0.004145931264627184,0.17189884804576153,True,True,True,True
1450,8907500070,2015-04-13,16590885.000000002,743.22432,5225426.344136156,11365458.655863846,18.541979125784984,0.0022288110013197783,0.1279980073335732,True,True,True,True
1317,7558700030,2015-04-13,16435830.000000002,686.5534656000001,5129744.006060265,11306085.993939737,18.441573083641668,0.0018453305854557274,0.10479028341206585,True,True,True,True
4413,2470100110,2014-08-04,12575388.999999998,854.707968,6177621.0384825915,6397767.961517407,10.44219991910026,0.0031216498101121573,0.056908190221823564,True,True,True,True
1166,1247600105,2014-10-20,12549058.32,744.1533504,5405977.145032428,7143081.174967572,11.653271923370212,0.0021974444825537606,0.0498445650441264,True,True,True,True
12372,6065300370,2015-05-06,12800736.0,691.1986176,5059706.316664159,7741029.683335841,12.626309271999814,0.0018086043589044054,0.04814280012961471,True,True,True,True
12779,1225069038,2014-05-05,5081208.0,1257.9071616,7950593.041809879,-2869385.0418098792,-4.702151858741683,0.01109730507136807,0.0413529042679251,True,True,True,True
8094,1924059029,2014-06-17,10496464.8,895.5853056000001,6194602.603488386,4301862.196511615,7.024529893303845,0.004026781041740914,0.033250151940285654,True,True,True,True
2446,7524900003,2014-12-10,8500181.8,635.4567936000001,4178208.342746988,4321973.457253013,7.056178662482331,0.003690536137691323,0.030738529924034055,True,True,True,True
8640,3835500195,2014-06-18,10115512.6,597.3665472,4452096.123354353,5663416.476645647,9.237502980348998,0.001801256237488408,0.025663531085804724,True,True,True,True
6510,4217402115,2015-04-21,11122645.0,509.10865920000003,4481212.551929951,6641432.448070049,10.829627980592962,0.0012296402830781223,0.02406513279003641,True,True,True,True
18484,4389201095,2015-05-11,11013875.0,466.3732608,3873606.856663607,7140268.143336393,11.640129002326074,0.0007304398758478645,0.016506924024366074,True,True,True,True
2628,7738500731,2014-08-15,10210500.0,616.8761856,4912164.778555386,5298335.221444614,8.639962650890835,0.0013246361879863493,0.01650231066959029,True,True,True,True
10448,1118000320,2015-05-08,10188440.0,395.76695040000004,3861435.9603028223,6327004.039697178,10.315268103341893,0.0009105219078100225,0.016162026124374413,True,True,True,True
4151,6447300265,2014-10-14,9596400.0,657.7535232,4884095.299671374,4712304.700328626,7.6848937675820945,0.00147212284709587,0.014511367649207964,True,True,True,True
20462,9808100150,2015-04-02,10534074.0,497.031264,3737684.2101054788,6796389.789894521,11.079342803067014,0.0006956919310745196,0.0142428190291427,True,True,True,True
4026,9175600025,2014-10-07,1923040.0,694.9147392000001,5107260.068521023,-3184220.068521023,-5.196729519761292,0.002954159521360175,0.013336067745489483,True,True,True,True
2087,8106100105,2014-11-14,10062360.0,536.0505408,4105376.44056762,5956983.55943238,9.711680303028135,0.0008441165062029166,0.013280262128590669,True,True,True,True
20443,1925059254,2015-05-07,9120215.8,619.6632768000001,4619943.060950145,4500272.739049856,7.338880625328345,0.0014099715067947063,0.01267451961717609,True,True,True,True
19150,3625049042,2014-10-11,8761440.5,510.0376896,4292263.598477952,4469176.901522048,7.288172792454669,0.0014105537323987035,0.01250514504573204,True,True,True,True
15260,1732800780,2015-02-12,8773562.5,385.547616,3962425.94123435,4811136.55876565,7.8446369196122365,0.001107217692457637,0.011368641889664431,True,True,True,True
11977,1118000340,2015-04-08,9250200.0,426.42495360000004,4076802.1058871895,5173397.8941128105,8.434678323817524,0.0009576073080870351,0.01136552058858817,True,True,True,True
6404,2624049091,2015-03-13,9366239.2,348.38640000000004,3185275.6628127024,6180963.537187297,10.075825895962709,0.0006439265574766095,0.010902501111562034,True,True,True,True
2866,4114601570,2014-11-18,9348120.0,466.3732608,3723856.072076522,5624263.927923478,9.168833437734062,0.0007539956741399213,0.010572394259344772,True,True,True,True
21578,9253900271,2015-01-07,9562056.9,450.579744,3223649.3570123315,6338407.542987669,10.332089560309388,0.0005681224273936685,0.010113787168948644,True,True,True,True
13969,3126059023,2015-03-03,9862814.5,439.43137920000004,3656895.2253924087,6205919.274607591,10.116095775260638,0.0005626363939861788,0.009601671734592995,True,True,True,True
20098,3262300485,2015-04-21,6856425.0,316.7993664,3055429.142101541,3800995.857898459,6.1984994620334986,0.0014016157133467115,0.008987936261828575,True,True,True,True
21532,8964800330,2015-04-07,9369300.0,472.87647360000005,3550610.009591356,5818689.990408644,9.48503500166971,0.0005944311606374854,0.00891838933617214,True,True,True,True
11622,1069000070,2015-04-15,8575339.5,426.42495360000004,4031862.631751217,4543476.868248783,7.407390069776812,0.0008851484308680414,0.008101769232211863,True,True,True,True
271,7960900060,2015-05-04,8918660.0,469.16035200000005,3759449.435475707,5159210.564524293,8.410358355623503,0.0006751050619907483,0.007964204615770996,True,True,True,True
19019,2303900100,2014-09-11,8694400.0,511.89575040000005,4668903.978795469,4025496.021204531,6.563599150732236,0.001095648092352789,0.007875534377972445,True,True,True,True
2901,9808100100,2015-02-02,8068200.0,498.88932480000005,4136194.6947373003,3932005.3052626997,6.411186443183427,0.0011032989505179907,0.007566554932334105,True,True,True,True
20156,1176001310,2015-03-04,8777278.0,403.1991936,3088825.809437573,5688452.190562427,9.272390694710763,0.0005202906435232482,0.00745940571006369,True,False,True,True
7654,9185700485,2015-04-01,8008912.800000001,404.12822400000005,3786015.1499574855,4222897.650042515,6.884890294542251,0.0009292038976837658,0.007347803899277392,True,True,True,True
13702,4139900180,2015-04-20,7130682.0,418.06368000000003,3921133.7829119116,3209548.2170880884,5.234504824415578,0.0015971726512718429,0.007305433996141418,True,True,True,True
17560,7631800015,2015-04-07,7838981.0,509.10865920000003,3631076.908046305,4207904.091953695,6.860446707067611,0.0009296338914731306,0.0072991016296457345,True,True,True,True
16304,7397300170,2014-05-30,8306690.0,515.6118720000001,4163150.648452714,4143539.351547286,6.755578682552503,0.000950459636253996,0.007236365869789302,True,True,True,True
18201,3625059152,2014-12-30,8765460.0,392.05082880000003,3580574.6882350743,5184885.311764926,8.451892747087204,0.0005995142811306585,0.007141947953919241,True,True,True,True
7508,9471200265,2015-05-05,7656500.000000001,367.8960384,4029292.4005613774,3627207.5994386235,5.914557551898982,0.0012207680854968463,0.007126182453165154,True,True,True,True
5882,2525049148,2014-10-07,8218111.4399999995,506.321568,3806843.8885377795,4411267.55146222,7.191473046441264,0.0007819131329507003,0.0067450113482626865,True,True,True,True
5451,6065300840,2015-05-01,8531760.0,468.23132160000006,3481348.1673021615,5050411.832697839,8.232634024196473,0.0005865943716119931,0.006630084902291255,True,True,True,True
7037,0853200010,2014-07-01,8380520.0,654.966432,5439428.561931148,2941091.438068852,4.796815472974981,0.0016559552275505155,0.0063609668543286495,True,True,True,True
658,3760500116,2014-11-20,7813150.0,365.10894720000005,2595342.588875331,5217807.411124669,8.505243661271951,0.0005253746491408161,0.006337523894397952,True,False,True,True
6716,3126059027,2015-03-18,8617270.0,436.644288,3912197.795342736,4705072.204657264,7.669896973741775,0.0006382419225958317,0.006261673388276225,True,True,True,True
18479,1346300150,2014-10-20,8102820.0,716.2824384,5884610.73480662,2218209.2651933804,3.6199579146853034,0.0028346270834857887,0.0062084692707352,True,True,True,True
15484,0624069108,2014-08-12,7286400.0,650.32128,4757856.32581763,2528543.6741823703,4.124889480990908,0.002103528469535187,0.00597772993862596,True,True,True,True
1363,1925069082,2015-05-11,6638500.0,431.07010560000003,3007428.6067969054,3631071.3932030946,5.920253569636009,0.0010168537015982412,0.005946065361378329,True,True,True,True
18304,6072800246,2014-07-02,7304220.0,745.0823808,5028753.179151721,2275466.8208482787,3.7129262516858637,0.0025811524519702344,0.0059458983670089,True,True,True,True
2042,9471200200,2015-03-25,7969723.2,468.23132160000006,3851823.657680385,4117899.5423196154,6.713219680166766,0.0007849211571705726,0.005900346601436577,True,True,True,True
11537,8964800890,2015-01-09,8506560.0,423.6378624,3433391.3667542115,5073168.6332457885,8.269422851229336,0.0005124250800222583,0.00584321851096155,True,False,True,True
15257,2425049063,2014-09-11,8330379.199999999,448.72168320000003,3614518.612638898,4715860.587361101,7.687303145689488,0.0005913537576168531,0.00582775147952055,True,True,True,True
7313,6072800170,2015-04-28,7235750.0,309.36712320000004,2892317.6668285206,4343432.333171479,7.080459651816337,0.0006619641135250185,0.005534694867021466,True,True,True,True
1435,9471200370,2015-03-30,8270873.7,344.67027840000003,3298396.323866822,4972477.376133178,8.105216060768592,0.0004934578407041179,0.005405580698313492,True,False,True,True
7991,9362000040,2014-06-23,7546300.0,485.88289920000005,3319529.65144787,4226770.34855213,6.890351006712966,0.0006817611988666535,0.005398335956779126,True,True,True,True
10467,0333100295,2014-11-24,7887984.0,417.13464960000005,3858644.813037336,4029339.186962664,6.568722454802279,0.0007479849546834652,0.005383049875275007,True,True,True,True
11954,2260300060,2015-04-10,7929970.0,444.07653120000003,3362702.674865924,4567267.325134076,7.445014153394842,0.0005731553533513361,0.005297868175445522,True,True,True,True
3815,1118000301,2014-12-19,7654454.0,536.9795712,3925654.4132950604,3728799.5867049396,6.079105510800029,0.0008563714863201238,0.005279130372413667,True,True,True,True
4037,0685000115,2014-10-07,5168170.0,403.1991936,2906400.4506507516,2261769.5493492484,3.6900497618276225,0.002296577644452732,0.005223876082152346,True,True,True,True
10375,3303850390,2014-12-12,7922251.4,687.4824960000001,5289438.75447613,2632812.6455238704,4.294069350772176,0.001677166882270209,0.005162881200468052,True,True,True,True
17153,4107100190,2015-03-24,7827499.999999999,323.3025792,2774073.310721971,5053426.689278028,8.237004439202016,0.00045456184405868083,0.005142541279614608,True,False,True,True
6693,2624089007,2015-03-20,6478115.4,362.321856,3173383.945839651,3304731.4541603494,5.388204000746767,0.001027598669397379,0.004977449388966011,True,True,True,True
15830,4139420190,2015-05-12,7536472.0,493.3151424,4147435.2084938586,3389036.7915061414,5.525509170228851,0.0009731484896416259,0.004956730530154399,True,True,True,True
12715,0853200040,2015-04-28,6969474.399999999,427.353984,3401269.929414816,3568204.4705851832,5.8172754213011,0.0008529376721971026,0.004814773733917599,True,True,True,True
19454,3980300371,2014-09-26,345202.0,26.941881600000002,-1597039.281499818,1942241.281499818,3.1694031876332405,0.002712024827603021,0.00455278151025063,True,True,True,True
14085,3625059043,2014-09-04,7377479.999999999,575.9988480000001,4282428.3863313645,3095051.6136686346,5.046370812493835,0.001043276777975197,0.0044326142228389345,True,True,True,True
14032,5316101075,2014-09-26,7013435.0,497.031264,4144095.7651098594,2869339.2348901406,4.678749095895638,0.0012116147807150835,0.004425877011821487,True,True,True,True
302,3225069065,2014-06-24,6831727.499999999,422.70883200000003,3199551.238296479,3632176.26170352,5.921271477089141,0.0007524603833523142,0.0044003705297389634,True,True,True,True
19860,2524069078,2015-01-22,6953580.0,729.2888640000001,4987156.110045508,1966423.8899544924,3.2085767320085243,0.0025327940920939367,0.004356872666624085,True,True,True,True
155,7855801670,2015-04-01,7100100.0,481.23774720000006,3833385.8572532907,3266714.1427467093,5.325928592311581,0.0009187951219731443,0.00434767748396078,True,True,True,True
2269,3859900060,2015-01-12,7308125.000000001,585.2891520000001,4425409.448289305,2882715.551710696,4.7004281997193855,0.001155372644196044,0.004259393250844407,True,True,True,True
2715,7851980260,2014-07-30,2491617.0,682.837344,4460224.932560183,-1968607.932560183,-3.2120298025138085,0.0024641070755795727,0.004247554172886281,True,True,True,True
15379,1568100920,2015-04-08,6012630.0,319.5864576,1982469.464935422,4030160.535064578,6.569459670733947,0.0005649128891084022,0.004065696379618323,True,True,True,True
14824,3623500408,2015-03-30,8476260.0,316.7993664,2737990.185470104,5738269.814529896,9.352461909963107,0.00027803109157201016,0.0040542896693522975,True,False,True,True
13530,3025059124,2014-08-28,7129370.624999999,402.2701632,3568727.2886602357,3560643.3363397634,5.804553667325346,0.0007170283771812142,0.004029343276375232,True,True,True,True
18330,5317100750,2014-07-11,6490576.0,425.03140800000006,3842543.397577055,2648032.602422945,4.318015043966849,0.0012712417168907735,0.003955465787289978,True,True,True,True
21042,6447300365,2014-11-13,7460249.999999999,482.16677760000005,3601904.0683455765,3858345.9316544225,6.289487949252632,0.0005963080778672606,0.00393377097319717,True,True,True,True
3873,2524049166,2014-09-18,6982060.0,579.7149696,4085974.3596007377,2896085.6403992623,4.721971048109166,0.0010462933091971533,0.0038922746249135066,True,True,True,True
816,4045100075,2015-03-25,7554240.0,454.2958656,3548240.4483552203,4005999.5516447797,6.5300035567309,0.0005428962764608466,0.0038603642862250816,True,False,True,True
21052,2424059170,2015-02-19,2569050.0,661.4696448000001,4861034.429340571,-2291984.429340571,-3.7381103854504993,0.0016374440741920692,0.0038197169771895527,True,True,True,True
1033,5700004028,2015-04-17,7483279.999999999,394.83792000000005,2916251.406496115,4567028.593503884,7.444019183952047,0.0004104757515055355,0.0037925343899516987,True,False,True,True
10265,0625059036,2014-08-13,6126840.0,392.9798592,2893047.8825029954,3233792.1174970046,5.271944704290776,0.0008016565103251272,0.0037164394458351056,True,True,True,True
19779,8084900160,2015-02-12,7560148.749999999,432.9281664,3499138.559528224,4061010.190471775,6.619546865908093,0.0005045116996003698,0.0036863424388806115,True,False,True,True
8548,0424049043,2014-08-11,1025054.9999999999,376.257312,2319432.980759509,-1294377.980759509,-2.1145131835331257,0.004891031601255201,0.0036626833360706673,False,True,True,True
7193,7159200005,2014-05-07,7130240.000000001,576.9278784,4950176.320315003,2180063.6796849975,3.5556881385441677,0.001701921491923426,0.0035923228682761287,True,True,True,True
16971,3025059093,2014-07-29,6906179.999999999,472.87647360000005,4066815.406451784,2839364.593548215,4.629372980006274,0.0009961039108872312,0.003561480393760696,True,True,True,True
18596,3023069166,2014-07-08,2514578.75,680.0502528000001,4447332.782077439,-1932754.0320774391,-3.1529836721022986,0.0021185842793224417,0.0035177016615987365,True,True,True,True
6785,5316100980,2015-03-26,7180875.0,375.3282816,3121429.4287938774,4059445.5712061226,6.616921203792265,0.00048176500950970123,0.0035172659516974464,True,False,True,True
7315,4131900066,2014-08-25,7070480.000000001,364.1799168,3070278.590202771,4000201.40979723,6.520333764379992,0.000475911499479096,0.003373815564982754,True,False,True,True
13712,2923500230,2014-12-16,7124780.0,489.5990208,3907026.44545345,3217753.55454655,5.245612696946739,0.0007312274267033759,0.003355918073021995,True,True,True,True
19825,8085400376,2015-04-21,7069736.0,469.16035200000005,3582664.5984053984,3487071.4015946016,5.684347973194377,0.0006224928663838506,0.0033544001560782298,True,True,True,True
4861,1338300170,2015-03-24,6412288.0,435.71525760000003,3520562.983449191,2891725.016550809,4.714520713218814,0.0009019990337465974,0.0033444278263866996,True,True,True,True
14187,1333300145,2015-03-04,6631390.0,390.192768,3885774.3799781576,2745615.6200218424,4.4765288710315865,0.0009990612832232564,0.003340086867471847,True,True,True,True
16260,1652500010,2015-03-26,7429812.0,410.6314368,3351382.171412714,4078429.828587286,6.647761070965918,0.0004503140159112938,0.0033182616739093097,True,False,True,True
4192,2303900090,2014-07-29,6417177.899999999,535.1215104,4328821.301128782,2088356.598871217,3.4061017982288337,0.0016949391170074952,0.003282878629187571,True,True,True,True
7909,1068000375,2014-09-23,7688320.0,659.611584,5812822.662642494,1875497.3373575062,3.0595289476650533,0.002086328204673287,0.0032617264801528822,True,True,True,True
18411,2397101606,2014-12-08,6817749.0,514.6828416000001,4708567.9932723865,2109181.0067276135,3.4399837523324504,0.0016470096973815948,0.0032536704678318455,True,True,True,True
12874,2424049029,2014-05-29,6897810.0,648.4632192,4723835.246115208,2173974.7538847923,3.5454681562647012,0.0015392053969943056,0.0032296948328897185,True,True,True,True
7888,3024059014,2015-03-25,5980440.0,280.5671808,2934373.8352663293,3046066.1647336707,4.965824625998195,0.0007708120684828852,0.003170406133900394,True,True,True,True
20297,0251500080,2014-08-26,7288459.2,446.86362240000005,3527698.744646251,3760760.455353749,6.130109027295135,0.0004968947809861606,0.0031136187556091593,True,False,True,True
542,0622049114,2015-02-18,6041375.0,501.95512512000005,3912998.498168394,2128376.501831606,3.471108244881732,0.0015420053314623532,0.003101281157236949,True,True,True,True
15753,6744700427,2014-05-07,1203228.0,343.74124800000004,2916883.966869913,-1713655.966869913,-2.7958844704570556,0.002350398605267723,0.0030693801534892,False,True,True,True
20537,1370800515,2014-10-30,7115105.0,415.2765888,3386693.3126126453,3728411.6873873547,6.077368098259127,0.0004930004331555834,0.003036276331913412,True,False,True,True
15154,1370800225,2015-03-18,6999499.5,356.74767360000004,3309488.83328858,3690010.66671142,6.01479122750022,0.0004987768321199583,0.003008935010083636,True,False,True,True
4813,9831200500,2015-03-04,7388411.6,632.6697024,5650620.8682643995,1737790.7317356002,2.8350492519448984,0.0022012875654511006,0.00295531519640998,False,True,True,True
4034,5700003585,2014-12-29,6695750.0,522.1150848000001,4471989.529194593,2223760.4708054066,3.6263121923219757,0.0013464876528852376,0.002955062505201971,True,True,True,True
17769,7352200450,2015-01-15,5355010.0,332.5928832,2562441.9254030064,2792568.0745969936,4.552744400003851,0.0008511293011072372,0.0029427991865967696,True,True,True,True
19686,1973700030,2015-04-29,6477187.5,318.65742720000003,2554271.282409504,3922916.217590496,6.394213146730934,0.00043037623876086145,0.002933987125493124,True,False,True,True
18558,6613000930,2014-09-02,6643695.0,361.39282560000004,3491697.5493592843,3151997.4506407157,5.138232818697306,0.0006597957962435575,0.0029051762925922852,True,True,True,True
20327,0518500480,2014-08-11,6833699.999999999,409.70240640000003,3113804.42205555,3719895.577944449,6.063404686190462,0.0004659583687280349,0.0028564813061165294,True,False,True,True
3386,1118001408,2014-11-24,6433636.95,502.6054464,4073008.719500482,2360628.230499518,3.8491244575353765,0.0011495088902801166,0.0028417410715823586,True,True,True,True
20249,0856000635,2015-03-23,7075500.0,436.644288,3614634.913753636,3460865.086246364,5.641359388867226,0.0005271396638229769,0.002797505665319522,True,False,True,True
11750,3629940160,2015-03-11,6855640.0,542.5537536,4200186.586409405,2655453.413590595,4.329268281445585,0.0008801753451628813,0.0027518792376436197,True,True,True,True
4637,1324049015,2014-11-11,6372534.0,319.5864576,3040591.3827223033,3331942.6172776967,5.4312927155057515,0.0005575075806444497,0.0027425094671545184,True,True,True,True
11448,0624069035,2014-12-09,7154400.0,383.68955520000003,2996778.0700134337,4157621.9299865663,6.77652747307921,0.00035733308237778443,0.0027358456854766045,True,False,True,True
20328,1725059127,2015-02-25,6731810.0,515.6118720000001,3825780.6054919437,2906029.3945080563,4.737435748210412,0.0007307067740662341,0.002735243576436604,True,True,True,True
8051,4134300175,2015-04-17,5653694.399999999,382.76052480000004,2415397.592159793,3238296.8078402067,5.278711766692217,0.0005832869839885152,0.0027104432889187846,True,True,True,True
20769,8043700105,2015-04-17,7025119.999999999,405.05725440000003,2944750.0157437623,4080369.984256237,6.650647897341046,0.00036747362730908537,0.002709957366347447,True,False,True,True
11259,3761100045,2014-06-18,6760200.0,450.579744,3491816.800455101,3268383.199544899,5.327702767149957,0.0005635925168380757,0.0026677109834903805,True,True,True,True
520,4386700135,2014-11-14,5880600.0,442.2184704,3486590.4611063153,2394009.5388936847,3.903357737992227,0.0010488670797896091,0.0026662549322787814,True,True,True,True
284,7424700045,2015-05-13,6171115.0,355.8186432,3223843.555451989,2947271.444548011,4.804573231204856,0.0006909047227896996,0.0026599697967827213,True,True,True,True
21335,2424059174,2015-05-08,5993050.17,523.9731456000001,3624046.5194818005,2369003.6505181994,3.862595242948044,0.0010534314862955508,0.002622232451976271,True,True,True,True
7434,5316100780,2014-09-22,6146525.0,304.72197120000004,2802202.845025979,3344322.154974021,5.451383941505726,0.0005251442163057467,0.0026023697646624555,True,False,True,True
5969,5249800010,2014-12-03,6977907.500000001,595.5084864,5273517.060830072,1704390.4391699294,2.78023576969199,0.001968778263177085,0.0025413511685426454,False,True,True,True
9324,7768700300,2014-12-05,6666160.0,514.6828416000001,3824238.2441622913,2841921.7558377087,4.632866927299381,0.00070484051125092,0.002523163974240982,True,True,True,True
2976,3625049014,2014-08-29,6606819.999999999,451.50877440000005,3878459.0460441336,2728360.9539558655,4.44786828715867,0.0007618262420343797,0.0025138507952056095,True,True,True,True
19238,2525049086,2014-10-03,6781504.0,370.68312960000003,3241260.952111572,3540243.047888428,5.77053037600843,0.000451443478201296,0.0025065692042991073,True,False,True,True
7935,7159200040,2014-09-17,6781360.0,425.49592320000005,3488066.6962058395,3293293.3037941605,5.368188938729423,0.0005192395251659523,0.0024951556406288145,True,False,True,True
1947,3398800055,2014-11-19,6203760.000000001,379.9734336,3869563.753769718,2334196.246230283,3.805786297234989,0.0010238070682019318,0.0024740047599636295,True,True,True,True
1923,5152960710,2014-05-14,1637546.0,536.4221529600001,3824372.48494222,-2186826.48494222,-3.5657235713072137,0.0011448612258573784,0.0024288149768029493,True,True,True,True
3041,5452301785,2015-02-18,6533214.0,378.11537280000005,2894505.0587555543,3638708.9412444457,5.9309059273771645,0.0004103128059302411,0.0024064903553678908,True,False,True,True
11687,1126069045,2014-06-20,2540130.0,641.030976,3996228.993012592,-1456098.9930125922,-2.375869898269679,0.002516558980825454,0.002373534116847335,False,True,True,True
8786,3343302110,2015-03-06,5465880.0,259.1994816,2775348.031345442,2690531.968654558,4.386135117447236,0.0007330978210701791,0.0023523025961232702,True,True,True,True
4015,0724069059,2014-05-09,5326080.0,278.70912000000004,2599566.971650541,2726513.028349459,4.444709290514374,0.0006959792702442322,0.00229315885533674,True,True,True,True
10470,1732800310,2015-03-02,5731000.0,266.63172480000003,2334465.9702201337,3396534.0297798663,5.536262597020032,0.0004425063844789275,0.0022614858474973043,True,False,True,True
19986,2025069140,2015-03-17,6203233.4,262.9156032,2257856.65889436,3945376.7411056403,6.430484427661348,0.0003251174868853443,0.0022413912916946434,True,False,True,True
9177,3124059023,2015-02-13,5550636.0,309.36712320000004,2021280.655866228,3529355.344133772,5.752644675759431,0.0004031580632064338,0.0022245098026770346,True,False,True,True
16126,1118000080,2015-03-31,6175400.0,334.45094400000005,2834947.922239259,3340452.077760741,5.444865882027161,0.0004481664181637591,0.002215425314368419,True,False,True,True
20830,0357000135,2015-02-18,5401700.0,285.2123328,2591494.9256027862,2810205.0743972138,4.5809792218426955,0.0006247597200166916,0.0021865017515290412,True,True,True,True
16722,1338800425,2015-03-04,6378056.0,474.73453440000003,4475908.765733756,1902147.2342662439,3.1018672381457915,0.0013551866884986344,0.002176121989948136,True,True,True,True
8224,1954700610,2014-12-09,5705308.8,312.1542144,3272538.5889016762,2432770.2110983236,3.9661161251337,0.0008273704080070041,0.002170896189122233,True,True,True,True
14515,6169900790,2014-06-20,5371200.0,509.10865920000003,3291214.61990232,2079985.3800976798,3.3913912899277165,0.001072507500425134,0.002058121088087125,True,True,True,True
15182,9185700285,2014-12-23,5890500.000000001,352.10252160000005,3383336.2502394617,2507163.7497605393,4.087210245844672,0.0007350716869877387,0.002048102824589077,True,True,True,True
10982,5729000070,2015-01-28,1405936.5,507.34350144,2979857.317586668,-1573920.8175866678,-2.5672677719422947,0.0018573262296658379,0.0020440271311662466,False,True,True,True
19190,7942601475,2014-05-20,765711.36,260.128512,2841388.8321221173,-2075677.4721221174,-3.384345715874197,0.001059767350843753,0.0020252060746219014,True,True,True,True
1284,8964800445,2015-02-09,6299298.0,288.9284544,2471261.7287059203,3828036.2712940797,6.239181384974825,0.0003083441973564813,0.0020011225485279433,True,False,True,True
13282,1068000150,2015-05-01,5984206.399999999,363.2508864,3706102.8805125505,2278103.519487449,3.713983859315182,0.0008375872017372613,0.0019271819449899995,True,True,True,True
248,2025069065,2014-09-29,5885280.0,339.09609600000005,2342411.901860021,3542868.098139979,5.774457377721855,0.00032965426387876473,0.001832622430689896,True,False,True,True
16819,0825059178,2014-09-23,6184292.4,415.741104,3778730.4680611715,2405561.931938829,3.921534328245534,0.0007129835000354574,0.0018287318401430692,True,True,True,True
16827,3025300095,2014-10-09,5978500.0,399.48307200000005,3522149.27095408,2456350.72904592,4.004262758432514,0.0006794439066320915,0.001816948730460639,True,True,True,True
3260,1330300300,2015-04-15,5829390.0,292.64457600000003,2505384.8131911457,3324005.1868088543,5.4178382428464635,0.0003671516061144516,0.0017968247953976289,True,False,True,True
7702,3761700053,2015-01-05,5828005.0,322.37354880000004,3115902.968532726,2712102.031467274,4.420888375579006,0.0005475169757701518,0.0017844454908355917,True,False,True,True
9489,6072800205,2014-11-19,6139137.500000001,299.1477888,2642623.078230791,3496514.42176921,5.698883926359855,0.0003217876159212511,0.0017423583128612283,True,False,True,True
5619,3880900010,2014-06-04,5472479.999999999,316.7993664,3029220.2544338405,2443259.7455661586,3.982876339015277,0.0006563979332767705,0.0017365798734119405,True,True,True,True
4410,5154200015,2015-04-14,5265040.0,231.3285696,2114517.5279735476,3150522.4720264524,5.135135855280507,0.00039023532662675435,0.0017157291001284336,True,False,True,True
18457,8043700300,2014-06-08,6060150.0,410.6314368,3260852.5003489256,2799297.4996510744,4.562881971749125,0.0004860852767731064,0.0016875274340431136,True,False,True,True
5031,3244500078,2014-08-22,1366680.0,458.0119872,3206069.727207415,-1839389.7272074148,-2.9991639641768844,0.0011131476311527777,0.0016706506258933203,False,True,True,True
13022,1118001201,2015-01-30,6123290.0,313.08324480000005,2850493.79757756,3272796.20242244,5.334297361346111,0.00033915129636510704,0.0016089553466213274,True,False,True,True
13258,1954700410,2014-08-01,5755742.2,389.2637376,3186295.153514214,2569447.0464857863,4.18833859104598,0.0005410098212207,0.0015826048295106104,True,False,True,True
8165,1724069079,2015-03-19,4739618.4,192.3092928,1762940.9372767732,2976677.462723227,4.851793998918701,0.0003958403112419898,0.0015536222071232267,True,False,True,True
5751,6744701310,2015-04-15,5675985.0,355.8186432,3336083.084969677,2339901.915030323,3.814348490564454,0.0006358413402138899,0.0015428172238979173,True,True,True,True
14256,2425049107,2015-03-05,5836545.0,385.547616,2976406.060562156,2860138.939437844,4.661912154489422,0.0004252153471108154,0.0015408861798089752,True,False,True,True
17840,3024059057,2015-05-01,4939440.0,515.6118720000001,3173961.1211817786,1765478.8788182214,2.878626909830891,0.001096596733435894,0.0015161527799242155,False,True,True,True
12579,2806300065,2015-04-22,5916456.0,411.5604672,3760974.874402277,2155481.125597723,3.5138913348864276,0.0007342627738164097,0.0015121536347789844,True,True,True,True
12615,3225069241,2015-04-22,6037200.0,324.2316096,2816841.3613844067,3220358.6386155933,5.2488025941670005,0.0003287473311593793,0.0015099906595205416,True,False,True,True
14054,7397300220,2014-05-29,6119025.0,411.5604672,3449802.069786504,2669222.930213496,4.350839550173398,0.00047707225887674235,0.0015058658621461831,True,False,True,True
18795,2525049263,2014-07-09,5933252.000000001,398.5540416,3382212.7536402047,2551039.2463597963,4.158290519776723,0.0005206494985232002,0.0015012396780479248,True,False,True,True
11227,6613000935,2014-05-13,5646805.5,492.386112,4012681.1003089696,1634124.3996910304,2.6646424723452604,0.0012390828336765409,0.0014681331407042628,False,True,True,True
3283,8964800025,2015-02-26,5645052.0,366.03797760000003,2962880.536608666,2682171.463391334,4.371905825259066,0.0004588444609804268,0.0014623628947236986,True,False,True,True
13789,5035300325,2015-04-14,5589280.0,270.34784640000004,2672482.404892057,2916797.595107943,4.7541389217695444,0.0003728291901862641,0.0014049612344730791,True,False,True,True
15024,2210500010,2014-09-30,6004950.0,433.85719680000005,3591552.781337872,2413397.218662128,3.933962086275119,0.000537560420304147,0.0013872984367052936,True,False,True,True
21168,4457300005,2015-03-25,5791269.24,384.6185856,2733328.2691257,3057940.9708743,4.984092308995562,0.00033325935283947685,0.0013802190185164015,True,False,True,True
3225,2420069251,2015-02-25,750525.2,48.309580800000006,-888188.2424492091,1638713.442449209,2.6720156419518823,0.0011569726603640612,0.001378328055658084,False,True,True,True
3022,3377900195,2014-09-29,6191805.0,643.8180672000001,4909810.086803146,1281994.9131968543,2.0911271580250124,0.001884221109837797,0.0013758167045825448,False,True,True,True
20012,0856000195,2014-05-21,5969970.0,492.8506272,3885215.9815879315,2084754.0184120685,3.398556522926705,0.0007138992362639429,0.0013752600100516643,True,True,True,True
11161,1321700030,2014-06-24,1277477.4999999998,429.2120448,2987365.1613959223,-1709887.6613959225,-2.787932517252376,0.001058986539821484,0.0013732950670125958,False,True,True,True
14234,0824059305,2015-01-08,5922180.0,542.5537536,4043971.221391566,1878208.778608434,3.062093074703223,0.0008742323540696904,0.0013673894965269267,True,True,True,True
13909,7851990120,2014-07-01,2039995.0,482.16677760000005,3746274.9952486753,-1706279.9952486753,-2.782032396803331,0.0010461291459992316,0.0013508682167003958,False,True,True,True
16946,3880900170,2014-08-05,5233880.0,304.72197120000004,3225286.7873671055,2008593.2126328945,3.2744619349234125,0.0007519917110410546,0.001344833144930824,True,True,True,True
20899,3860900035,2015-04-15,5952114.0,392.9798592,2864858.423552327,3087255.576447673,5.03183468313995,0.0003185325718779307,0.0013446017907663373,True,False,True,True
1422,8073000550,2015-04-15,5215770.0,296.36069760000004,2418708.8510191366,2797061.1489808634,4.5590111221109515,0.000387172437894389,0.0013417223850750461,True,False,True,True
1151,3421079032,2015-02-17,212940.0,62.2450368,-1198969.3187591657,1411909.3187591657,2.3026121559397046,0.0015157351275852035,0.0013414436257762996,False,True,True,True
6773,5442300807,2014-06-24,5998589.999999999,355.91154624,2723123.5044713765,3275466.4955286225,5.338493930522463,0.0002808337423529988,0.0013343124098938713,True,False,True,True
12652,0809001520,2014-11-05,4656080.0,323.3025792,1915839.7876562849,2740240.212343715,4.46642503762163,0.0003997094604713189,0.0013294955931973254,True,False,True,True
14387,2425049061,2014-08-25,5017760.0,331.66385280000003,2409547.0692841485,2608212.9307158515,4.251312300124594,0.00043907365464032275,0.0013231920308579166,True,False,True,True
20146,5021900635,2014-10-28,3916867.5,336.3090048,1840981.4218251482,2075886.0781748518,3.3840640374762967,0.0006926324542376756,0.0013229080002694442,True,True,True,True
20371,4385700250,2015-04-07,5621580.0,323.3025792,2240482.044896491,3381097.955103509,5.5105898782362965,0.00025664116155959225,0.0012992200505927672,True,False,True,True
15724,9315600050,2015-03-17,5474402.5,423.6378624,3089145.8044679537,2385256.6955320463,3.8880463590979213,0.0005143110343691472,0.0012964652505450124,True,False,True,True
2127,4379600030,2014-07-29,2951834.9999999995,594.579456,4323601.530841298,-1371766.5308412989,-2.237184628681647,0.0015508453289965092,0.001295671588699349,False,True,True,True
1154,4055701200,2015-04-21,5957471.5,289.8574848,2249382.540658064,3708088.959341936,6.043387716450778,0.00021048888201308583,0.0012815343453418736,True,False,True,True
1438,7214700830,2014-05-13,1060848.0,355.8186432,2676820.5962980464,-1615972.5962980464,-2.6348641003095477,0.0011029169744461893,0.0012775775337233047,False,True,True,True
3863,1118001295,2014-12-03,5633540.0,328.8767616,3147019.632456489,2486520.367543511,4.053009592644649,0.0004650583531850762,0.0012738358919664058,True,False,True,True
21203,0518500460,2014-10-08,5368056.0,349.3154304,2842761.7346060947,2525294.2653939053,4.116179913763036,0.0004500794124205603,0.0012715168113318176,True,False,True,True
5435,3885808005,2015-03-05,5207994.0,365.10894720000005,2473352.9971121848,2734641.0028878152,4.457253220625446,0.00037932565961577847,0.001256493818942922,True,False,True,True
19683,1266200140,2015-05-06,5627700.0,386.47664640000005,2803737.552539021,2823962.447460979,4.6027796051814045,0.0003529782984536267,0.0012467817557841377,True,False,True,True
14310,3528000040,2015-03-26,5744700.0,491.45708160000004,3857917.69930207,1886782.3006979302,3.075939126800601,0.0007887470503491392,0.001244757221017746,True,True,True,True
13073,1118001215,2015-02-04,6108300.0,317.72839680000004,2652651.2144672796,3455648.7855327204,5.632034276036681,0.00023525785868861587,0.0012440150974860542,True,False,True,True
4925,9809000020,2015-03-13,6259216.0,289.8574848,2370396.3162468225,3888819.6837531775,6.337861617202392,0.0001857787860609205,0.0012439733184505264,True,False,True,True
10527,8146200070,2015-03-10,5320830.0,353.9605824,2586336.9178638384,2734493.0821361616,4.4569984349475495,0.0003731864927040904,0.0012360092819902642,True,False,True,True
2322,1118000465,2015-03-12,5641951.0,351.1734912,2898927.401656635,2743023.598343365,4.47089355918907,0.0003692002436024985,0.0012304380727829849,True,False,True,True
5834,5702500050,2014-11-04,705460.0,55.741824,-739515.9269026816,1444975.9269026816,2.3562894758788215,0.001304394792177867,0.0012085982306450436,False,True,True,True
18381,1222029077,2014-10-29,645169.0,35.674767360000004,-1041036.7300929427,1686205.7300929427,2.7491786909669815,0.0009565296735423761,0.0012060595427161895,False,True,True,True
12461,4114601580,2014-07-24,4218760.0,280.5671808,2328707.1179976612,1890052.8820023388,3.081228572020757,0.0007612203315232506,0.0012054180254065432,True,True,True,True
11688,6096500105,2015-04-30,4625112.0,245.26402560000002,2034362.0596400052,2590749.940359995,4.222771835562362,0.00040295608205906256,0.0011980549401893216,True,False,True,True
15248,5536100005,2014-08-08,5286780.0,493.3151424,3425763.3945417255,1861016.6054582745,3.033919662985808,0.0007790171775933271,0.0011960308773089586,True,True,True,True
13550,6762700515,2015-04-21,4494767.5,238.76081280000002,2637717.402012907,1857050.097987093,3.027440494774686,0.0007705842148396013,0.0011780260084740825,True,True,True,True
16527,2025059026,2015-02-25,5671908.0,418.06368000000003,3797819.7937001362,1874088.2062998638,3.0551881871373285,0.0007519141315157269,0.001170629876878564,True,True,True,True
1678,5700003985,2014-10-29,5477850.0,412.48949760000005,3637065.1002316326,1840784.8997683674,3.0009369734424567,0.0007790303372022817,0.0011701871618271364,True,True,True,True
1296,2025760160,2014-07-03,1860463.5,458.0119872,3487991.0587433055,-1627527.5587433055,-2.6535525451612814,0.000988423934593148,0.0011611193589472007,False,True,True,True
18210,2579500110,2014-07-01,5220181.8,327.9477312,2716893.1697002053,2503288.6302997945,4.080245958646677,0.0004181330463481174,0.001160693519397198,True,False,True,True
877,6306400140,2014-06-12,2442507.0,284.65491456,1337708.4890693724,1104798.5109306276,1.8022808621719535,0.0020921929383371264,0.0011350238919584682,False,True,True,True
19325,5553300375,2014-08-20,4870800.0,286.1413632,2845441.640328668,2025358.359671332,3.301582048640869,0.0006243426957282981,0.0011349773825922902,True,True,True,True
2385,2126059234,2014-09-24,1564550.0,474.73453440000003,3450282.128205754,-1885732.1282057539,-3.0741204407504044,0.0007194242955080345,0.00113393500315286,True,True,True,True
21346,8835770170,2014-08-22,3389366.4,639.1729152,4650726.984149024,-1261360.584149024,-2.057165010932101,0.0015887742045320105,0.0011223795167379447,False,True,True,True
1274,4389200765,2014-06-25,5071960.0,394.83792000000005,2603152.0244971886,2468807.9755028114,4.02403838734798,0.0004153105743360738,0.0011213117502558506,True,False,True,True
18977,1778360150,2014-06-20,2775120.0,615.9471552,4009351.3990827426,-1234231.3990827426,-2.012988739298216,0.0016571942156649595,0.001121050447990736,False,True,True,True
10541,1623069046,2015-03-12,5299070.0,378.11537280000005,2970924.957229629,2328145.042770371,3.79485828613842,0.00046468315820195547,0.001115831617129192,True,False,True,True
314,1860600135,2014-05-02,5297486.4,339.09609600000005,3305188.615908928,1992297.7840910722,3.2477009447458576,0.0006315317218019796,0.0011108881658647295,True,True,True,True
11467,4218400671,2015-05-05,5068603.0,327.9477312,2492271.42604883,2576331.57395117,4.199214211008613,0.0003760449204886461,0.0011055741617411188,True,False,True,True
7004,6377200010,2014-12-08,5638252.5,441.28944,3680050.667407438,1958201.8325925618,3.1921502450452666,0.000650362711580504,0.0011052323082785807,True,True,True,True
15041,2726049034,2014-11-10,5078000.0,242.4769344,2038080.14459382,3039919.85540618,4.954556415295523,0.00026726152028726247,0.0010937317655436629,True,False,True,True
6996,2954400190,2014-06-24,2878545.6049999995,446.86362240000005,3653226.131343715,-774680.5263437154,-1.265013327606016,0.004080403793191918,0.0010927424549885,False,True,True,True
19272,6613000375,2015-03-17,5065865.0,302.8639104,2824583.0792471543,2241281.9207528457,3.6533196851336593,0.0004907355651209856,0.001092156345556561,True,False,True,True
11947,8128600060,2014-06-24,1333019.9999999998,435.71525760000003,3379249.337873757,-2046229.3378737571,-3.335532654386537,0.000581411284745887,0.0010787360113269397,True,True,True,True
11490,2883200139,2015-03-06,4023495.0,201.5995968,2664330.5365909263,1359164.4634090737,2.2163692450071517,0.0013139264670710455,0.0010771471756556336,False,True,True,True
19760,9831200159,2014-08-06,5127750.0,361.39282560000004,3380170.752049394,1747579.247950606,2.849001763985682,0.0007882700671075333,0.001067214451878182,False,True,True,True
21516,3262300818,2015-02-27,5367843.0,352.10252160000005,3085868.7463243157,2281974.2536756843,3.719588108804604,0.00045815281120322035,0.0010569338946535424,True,False,True,True
10506,6669200200,2015-03-19,4896300.0,240.61887360000003,2113611.645914592,2782688.354085408,4.535401784706759,0.0003066349532987872,0.0010515626003667373,True,False,True,True
438,7504101040,2014-08-21,1631549.5,452.43780480000004,3300757.068777859,-1669207.5687778592,-2.721316775927466,0.0008476946446936565,0.0010471639731496642,False,True,True,True
13664,1152600220,2014-06-23,1845514.25,415.2765888,3574864.780797355,-1729350.5307973549,-2.81928193586877,0.000786603991756965,0.0010428543694969172,False,True,True,True
17330,0868001435,2015-01-27,5742502.5,320.515488,2822104.8587778136,2920397.6412221864,4.759772451045779,0.0002744351298890665,0.001036525611320968,True,False,True,True
117,3626039325,2014-11-21,1880203.55,406.9153152,3338528.761965245,-1458325.211965245,-2.3778045015871427,0.0010915650766622122,0.001029733855166157,False,True,True,True
3750,4389201250,2014-05-13,5414745.0,411.5604672,2983580.0057991,2431164.9942009,3.9626381549309326,0.000393121613033392,0.001029236711785278,True,False,True,True
1624,9485950310,2014-10-03,1520852.0,506.321568,2916979.732849732,-1396127.732849732,-2.276494930928689,0.00118251821918983,0.0010225953899843721,False,True,True,True
16582,8081500050,2015-03-02,5186555.0,394.83792000000005,3349866.8509104103,1836688.1490895897,2.9941107977744985,0.0006806088368939041,0.0010176015350868161,False,True,True,True
8197,2526069095,2014-06-05,2167372.5,525.8312064,3737936.6124572903,-1570564.1124572903,-2.5605890403186655,0.0009188235908451324,0.0010049856831151301,False,True,True,True
15555,1732801150,2014-07-01,5072420.0,368.8250688,3889927.914427832,1182492.0855721682,1.9285646323422816,0.0016167381103770855,0.0010038285194573584,False,True,True,True
12650,7490000040,2014-07-18,5668767.000000001,346.5283392,3045803.798639387,2622963.201360614,4.275115945479221,0.0003273692237520942,0.0009975268439931548,True,False,True,True
8980,1724069060,2015-05-07,3270257.5,143.99971200000002,1087190.4375975505,2183067.0624024495,3.558387384643889,0.00046753509708159107,0.0009871258272626021,True,False,True,True
21318,6600000050,2015-03-10,5314570.2,366.967008,3038462.229419589,2276107.970580411,3.7099692936256496,0.00042751910736210826,0.0009811391790022867,True,False,True,True
17403,6819100020,2014-05-29,3170767.5,460.79907840000004,4431388.012963355,-1260620.5129633546,-2.0557471549539477,0.0013839410391670252,0.000976128937419048,False,True,True,True
15224,1424069069,2014-05-22,2545065.0,561.1343616,4078274.7775548548,-1533209.7775548548,-2.4997093435456534,0.0009359417665097125,0.0009756257842830809,False,True,True,True
18228,1176001293,2014-06-17,5565285.0,403.1991936,3425186.6729628146,2140098.3270371854,3.488369627175293,0.0004795960414236203,0.0009731452524279896,True,False,True,True
3779,3885803245,2015-03-05,4938615.0,307.5090624,2722722.27759704,2215892.72240296,3.611855807338796,0.00044693263953633246,0.0009721779663388452,True,False,True,True
13237,3262300322,2015-04-08,5090693.4,338.1670656,3027256.272138633,2063437.1278613675,3.3634712998551284,0.0005151148344827283,0.0009717443592294725,True,False,True,True
14818,1525059261,2015-05-05,5818940.0,479.3796864,4146833.5946040377,1672106.4053959623,2.725954238366083,0.0007827994789554788,0.0009702340186801401,False,True,True,True
5829,9829200250,2015-01-05,4600057.9,241.54790400000002,2378714.438670449,2221343.4613295514,3.620730767547158,0.0004416195630841178,0.0009653423374157335,True,False,True,True
11280,3025300226,2014-05-15,4654860.0,329.805792,2532872.17197749,2121987.82802251,3.458854700749649,0.0004826395907250834,0.0009628219645686792,True,False,True,True
4098,1997200215,2014-05-07,1336917.7718000002,355.8186432,2568699.360999733,-1231781.589199733,-2.008764228731394,0.001429602597371609,0.0009628160537200588,False,True,True,True
17409,9286730020,2015-03-31,5783222.0,361.39282560000004,3006639.6508570835,2776582.3491429165,4.525388867968884,0.0002797003680079504,0.0009549378009444044,True,False,True,True
15514,4030100005,2014-12-09,4682880.0,401.3411328,3094137.1766537875,1588742.8233462125,2.590141096212464,0.0008526051183080849,0.0009541441017688342,False,True,True,True
9116,1568100300,2014-09-17,818440.0,325.16064,2140813.5428028256,-1322373.5428028256,-2.15627599770633,0.0012223672408574297,0.000948397370851432,False,True,True,True
6047,4045100190,2014-10-27,5564883.6,394.83792000000005,3038926.1811785623,2525957.4188214373,4.11702258568606,0.0003343866978734204,0.0009449514326786336,True,False,True,True
20925,7852070210,2014-05-27,2568474.5999999996,551.8440576,3811047.4218048826,-1242572.821804883,-2.0263066764872963,0.0013747294676344376,0.0009420496456506644,False,True,True,True
20529,8085400401,2015-01-15,4957955.600000001,373.47022080000005,2932474.2556597367,2025481.3443402639,3.3015997890889826,0.000513711129052935,0.0009337696186068232,True,False,True,True
18687,3325069064,2015-03-26,3357458.0,172.7996544,929933.9839482233,2427524.0160517767,3.9566328337131322,0.0003573637113508093,0.0009327514427766053,True,False,True,True
1772,0625059051,2014-09-03,5244965.0,405.9862848,3769626.5606641695,1475338.4393358305,2.405393749090179,0.0009662459456628223,0.0009326713333728023,False,True,True,True
8346,5152700120,2015-03-18,1469813.5999999999,470.73970368000005,2805495.4976779222,-1335681.8976779224,-2.1779267716827153,0.0011765375625104081,0.000931220135808195,False,True,True,True
579,1526069135,2014-12-11,2443203.0,562.063392,3555740.476532735,-1112537.476532735,-1.8145394867410494,0.00168946555468142,0.0009286782712644104,False,True,True,True
2181,3343301920,2015-03-02,4728075.0,249.90917760000002,2367191.3612005264,2360883.6387994736,3.8480456797027176,0.0003731119501896342,0.0009211501285801486,True,False,True,True
3763,2540700110,2015-02-12,5453062.5,391.12179840000005,3260524.453875482,2192538.046124518,3.573755090721467,0.000428408953559291,0.0009123110979961943,True,False,True,True
3737,1118000110,2014-05-29,5459282.85,439.43137920000004,3727399.981628783,1731882.8683712166,2.8232678932913737,0.000685806231228373,0.0009117007226292177,False,True,True,True
6357,4340000080,2015-03-27,4677555.0,261.98657280000003,2421829.9801992998,2255725.0198007002,3.676697822507196,0.0004013991887771382,0.000904722677389365,True,False,True,True
19448,3303850330,2014-12-16,5206570.0,471.9474432,3496783.946473643,1709786.0535263568,2.787262571334365,0.0006974933852494404,0.0009037485884288663,False,True,True,True
3093,0251620110,2014-07-02,5064259.2,379.04440320000003,3282767.069959253,1781492.130040747,2.9040742813269262,0.0006408872669542253,0.0009014139135005525,False,True,True,True
2431,5026900160,2015-04-24,4759200.0,287.99942400000003,2864082.233308509,1895117.766691491,3.0891802899071807,0.0005637489602391835,0.00089715176535042,True,True,True,True
2475,7787400105,2015-03-06,5663259.0,274.06396800000005,2407999.9430884644,3255259.0569115356,5.305318339996327,0.0001901362068465859,0.0008921113299320628,True,False,True,True
413,2422029094,2014-07-16,1148563.2062000001,77.38823232,-584240.2563739643,1732803.4625739644,2.824745189528036,0.0006692276170154965,0.0008905778695451076,False,True,True,True
12136,2767604170,2015-04-06,3015285.0,171.87062400000002,1581563.9158544317,1433721.0841455683,2.3375494588974837,0.0009736832277225747,0.0008875873975000684,False,True,True,True
7913,1051000040,2015-04-24,5425785.45,309.36712320000004,2457912.8592638746,2967872.5907361256,4.837035142119649,0.0002274172569864388,0.0008870118649772443,True,False,True,True
8193,3623500205,2014-05-13,5414745.0,467.3022912,3570988.3134163097,1843756.6865836903,3.0054922558312045,0.0005865445454426277,0.0008835594666900672,True,True,True,True
9461,0721049096,2014-05-27,1274066.23,450.579744,2905348.6021865383,-1631282.3721865383,-2.659346471023293,0.0007419792366501476,0.0008752108732134271,False,True,True,True
16254,3760500280,2014-10-14,4678245.0,233.1866304,2526312.357316315,2151932.642683685,3.5075655695183854,0.0004259975884649799,0.0008738814784807866,True,False,True,True
6043,1725059316,2014-11-20,6069825.0,588.0762432,4856206.539589271,1213618.460410729,1.979051940657558,0.001336528403885906,0.0008736191847310272,False,True,True,True
11404,3426049284,2014-08-19,5195010.0,381.83149440000005,3603018.094380684,1591991.9056193158,2.5953386763599533,0.00077604958188408,0.000871893542707906,False,True,True,True
9549,0868001790,2015-03-16,4193409.9999999995,189.52220160000002,1811922.992047824,2381487.0079521756,3.8815727806401417,0.0003449419043744621,0.0008664829192286366,True,False,True,True
6501,1370802115,2014-12-05,4983440.0,366.967008,3294744.4110542387,1688695.5889457613,2.7528626105288705,0.000683943415493635,0.0008644405507885514,False,True,True,True
17003,2525049259,2014-08-12,4981461.21,393.9088896,3027086.584052436,1954374.625947564,3.1856806116002123,0.0005055928960433905,0.0008556059759694544,True,False,True,True
11219,8964800695,2015-03-27,4677555.0,207.1737792,2084928.2814517245,2592626.7185482755,4.225585995531215,0.00028709625943858046,0.0008546235873074385,True,False,True,True
10387,3225069301,2014-06-12,2739176.8,532.3344192000001,3866568.219953567,-1127391.419953567,-1.8386015359911052,0.001510699551874787,0.000852429894186332,False,True,True,True
18657,9829201020,2014-11-18,3604219.5999999996,222.967296,2350959.5295,1253260.0704999994,2.043578319514281,0.0012218449828543683,0.0008514877368066112,False,True,True,True
4341,3760500336,2014-11-26,5334387.5,296.36069760000004,2718410.59926641,2615976.90073359,4.263629567618149,0.00028068930062453284,0.0008506589145444772,True,False,True,True
15137,8964800050,2015-03-04,5275308.0,239.6898432,2281661.4210236743,2993646.5789763257,4.87900649770459,0.0002130490515484749,0.0008454417365269605,True,False,True,True
19486,6072800265,2014-08-13,5434734.0,353.03155200000003,2951463.5298120603,2483270.4701879397,4.04739416270774,0.00030792707097248,0.0008409716861192799,True,False,True,True
19738,3616600003,2015-03-02,4814040.0,379.9734336,3210596.6707912385,1603443.3292087615,2.6139372030930836,0.0007224453680453463,0.000823299644430697,False,True,True,True
17951,1560920450,2014-09-24,1323850.0,388.3347072,3032807.870827198,-1708957.870827198,-2.7858221351098607,0.000632675117034763,0.0008188627727188156,False,True,True,True
1219,6321000045,2014-12-22,4973812.5,381.83149440000005,3231811.3775456473,1742001.1224543527,2.8396508915205825,0.0006073265546728906,0.0008167041467157077,False,True,True,True
8916,0822059038,2014-07-31,657546.0,261.05754240000005,1903994.9690466747,-1246448.9690466747,-2.032431846592578,0.0011823115650993303,0.0008149415204660055,False,True,True,True
10965,5152700060,2014-05-28,1041832.5,394.83792000000005,2851637.15231435,-1809804.65231435,-2.9501101089544695,0.0005613251529421881,0.0008146734318798419,False,True,True,True
12767,7663700968,2014-05-28,1265882.5,384.6185856,2417928.409775175,-1152045.9097751752,-1.8786859637179851,0.0013796923131238308,0.000812716322222453,False,True,True,True
20840,3425069117,2014-08-28,2868622.4999999995,572.2827264,4168255.2242517397,-1299632.7242517401,-2.119045277927906,0.0010816168567926703,0.0008103500513876127,False,True,True,True
9605,1926069192,2014-05-09,2568058.2399999998,544.4118144,3886783.047068134,-1318724.8070681342,-2.15014090285173,0.001050090260050776,0.0008099636147353833,False,True,True,True
2368,1702901180,2014-06-11,1483415.5,394.83792000000005,2726622.7144768983,-1243207.2144768983,-2.0271294653142844,0.0011661021335838554,0.0007995673278750017,False,True,True,True
1312,7298040310,2014-05-23,1233597.2,356.74767360000004,2670716.735180393,-1437119.535180393,-2.3429617017366393,0.0008639971356358203,0.0007911645564264544,False,True,True,True
21542,0715010530,2015-01-13,4983364.63,409.70240640000003,2817097.841521576,2166266.788478424,3.5308488407514145,0.0003802357155991802,0.0007903602206923194,True,False,True,True
20226,3893100462,2015-02-25,5127490.77,405.05725440000003,3025779.3922652006,2101711.377734799,3.425666146622046,0.0004022245888767005,0.0007870134543556269,True,False,True,True
10528,0624069050,2015-04-07,4887651.5,498.88932480000005,3399530.1370862722,1488121.3629137278,2.4260346959033416,0.0008012331134024638,0.0007865924344896494,False,True,True,True
1721,1020069017,2015-03-27,2258130.0,120.77395200000001,420421.1230716482,1837708.8769283518,2.9955416046081407,0.0005250431694819521,0.0007856381375192156,False,False,True,True
15160,5493110020,2015-01-16,5107635.0,373.47022080000005,2880704.698799558,2226930.301200442,3.629678762763504,0.0003543728907050424,0.0007783941280945813,True,False,True,True
21312,2154970020,2014-07-03,5240402.076,465.44423040000004,3454963.4903270006,1785438.5856729997,2.910374589972288,0.0005495806717976193,0.0007762770122224529,False,False,True,True
18416,5469650040,2015-03-16,2530561.65,540.6956928000001,3815642.8159312084,-1285081.1659312085,-2.0952928930428203,0.0010566974163925165,0.0007740126089224339,False,True,True,True
11839,4139910160,2015-04-01,5048960.0,401.3411328,3585290.4060533717,1463669.5939466283,2.386187545646639,0.0008144270859650523,0.0007735064741862818,False,True,True,True
4408,3505100756,2014-11-06,5191625.0,397.6250112,3439507.810640447,1752117.1893595532,2.856079077162764,0.0005638653744622227,0.0007670251146040855,False,True,True,True
18368,2225059273,2014-11-14,2548260.0,508.17962880000005,4014334.7357667387,-1466074.7357667387,-2.390096856550039,0.0008046132077675246,0.0007666841553444323,False,True,True,True
7503,2525049133,2015-04-02,4402581.6,245.26402560000002,1844811.0373279527,2557770.562672047,4.168728465457168,0.00026440316900770873,0.0007660153375002269,True,False,True,True
2413,3020079078,2014-10-27,1234106.7,441.28944,2403055.235869929,-1168948.5358699292,-1.9061219053253688,0.001245750727395939,0.0007553054243231517,False,True,True,True
14861,3585900665,2014-06-06,1806822.5,427.353984,3271180.378170468,-1464357.878170468,-2.387284896025094,0.0007937141389915726,0.0007545121012511088,False,True,True,True
21469,2311400056,2014-12-01,5092770.0,485.88289920000005,3546760.1420979053,1546009.8579020947,2.520295480911728,0.0007117099156934465,0.0007539870544129282,False,True,True,True
19602,0284000025,2015-04-20,4296693.0,202.52862720000002,1906362.637412697,2390330.362587303,3.8958911170989685,0.0002959838407984791,0.0007489605376607043,True,False,True,True
18994,7856400300,2015-03-22,4879661.5,295.4316672,2483898.0347437114,2395763.4652562886,3.9047392020508336,0.00029235709673165744,0.0007431447994207132,True,False,True,True
12707,2804600155,2015-05-07,4106835.0,185.80608,2208832.5213736594,1898002.4786263406,3.0937287147197154,0.0004643328179605123,0.0007410445026559717,True,False,True,True
14901,2125059163,2014-07-03,2321747.043,381.83149440000005,3563799.410948463,-1242052.3679484627,-2.0251567173804346,0.001077621426239375,0.0007373955264802841,False,True,True,True
13155,5316100220,2015-03-19,4080250.0000000005,170.01256320000002,1882637.2971032485,2197612.702896752,3.581872643131542,0.00034248414114264455,0.0007325854018280387,True,False,True,True
15219,1023059108,2015-04-30,1167504.0,62.2450368,-480898.00748419017,1648402.0074841902,2.6870743965801402,0.0006074908784259748,0.0007314957424279614,False,True,True,True
241,5152100060,2014-05-29,1050247.2,409.70240640000003,2554024.8763995618,-1503777.6763995618,-2.4514688276935144,0.0007280000250442231,0.0007297081147397467,False,True,True,True
17598,1824079052,2015-04-01,5206740.0,390.192768,2910106.820871666,2296633.179128334,3.743208003789055,0.00031183672195502464,0.0007284493796239834,True,False,True,True
9575,0644000040,2015-04-29,5228750.0,366.967008,2759187.3309485763,2469562.6690514237,4.024974543810347,0.0002692990128103758,0.0007273220561459352,True,False,True,True
849,3395050060,2014-07-22,1389701.2,371.61216,2714408.6436730325,-1324707.4436730326,-2.1597680253665006,0.0009322484703867678,0.0007254370007100674,False,True,True,True
18428,6788201240,2015-03-18,3455037.5,147.7158336,1822618.918871984,1632418.581128016,2.661024934232895,0.0006114414311165241,0.00072204975922369,False,True,True,True
19930,6600000217,2015-04-03,5022974.0,431.5346208,3164347.2822355255,1858626.7177644745,3.0295569488015284,0.00047119949646028895,0.0007211348701554003,True,False,True,True
17861,4058800215,2014-05-28,963415.0,361.39282560000004,2547658.4496237934,-1584243.4496237934,-2.582536205836892,0.0006440450729915219,0.0007163704198200103,False,True,True,True
4392,2724089019,2014-05-23,1170475.185,76.18049280000001,-364469.2875998616,1534944.4725998617,2.502223848882373,0.0006854230831559744,0.0007157437616749574,False,True,True,True
4270,0251620090,2014-05-30,5373600.0,384.6185856,3115250.7252825648,2258349.2747174352,3.6808174598700187,0.0003157212823162378,0.0007131457624909898,True,False,True,True
8445,0125069038,2014-11-25,5400718.0,478.45065600000004,3786931.5577887073,1613786.4422112927,2.6306558226199113,0.0006139940004481603,0.0007086106520307815,False,True,True,True
7435,9362000080,2015-03-16,5161120.0,376.257312,3000662.5091648847,2160457.4908351153,3.521308984993305,0.00033984193281080127,0.0007025570577565708,True,False,True,True
12297,3738000070,2015-03-09,5312607.95,247.12208640000003,2245969.7184904367,3066638.2315095635,4.997849977625448,0.00016608956304045347,0.0006915596743456544,True,False,True,True
5704,1118002000,2014-06-24,5479489.795,593.6504256000001,4491110.858895458,988378.9361045416,1.6119599718461073,0.0015929056214102218,0.0006909388974437905,False,True,True,True
14987,8665900168,2014-11-05,1598168.0,395.76695040000004,2996940.149467632,-1398772.1494676322,-2.280361649263746,0.0007924698068043599,0.0006873583817066504,False,True,True,True
12659,1336300610,2015-04-02,4007357.0,189.52220160000002,2246682.669305064,1760674.3306949362,2.8699366134604016,0.000500324242692112,0.0006871669261552961,False,False,True,True
15634,3625049088,2014-07-02,5026963.41,375.3282816,2928260.6771982834,2098702.732801717,3.4206766616169633,0.00035221280910047994,0.0006871173834156421,True,False,True,True
7099,9141100005,2014-10-28,708766.5,257.34142080000004,2393810.216473408,-1685043.716473408,-2.7467179457606488,0.0005446034450715207,0.0006851629121666024,False,False,True,True
1165,3876100320,2014-09-05,1081572.0,273.1349376,2313453.636541821,-1231881.636541821,-2.0085127879316724,0.0010173114895946009,0.0006846899276541532,False,True,True,True
6400,2524049148,2015-03-17,5163914.0,289.8574848,2397035.847357966,2766878.152642034,4.509397052924421,0.00020187704126072535,0.0006843217080700922,True,False,True,True
2847,9359100750,2014-10-31,3421880.0,286.1413632,2102658.8905472606,1319221.1094527394,2.1507615959852613,0.0008749679334368177,0.0006751582717876307,False,True,True,True
5591,6447300225,2014-11-06,4761100.0,243.40596480000002,2330143.0573719963,2430956.9426280037,3.9620277703148448,0.00025623365214250213,0.0006705501158953378,True,False,True,True
1788,2492200335,2015-04-23,2710568.4,144.9287424,1479328.1123579517,1231240.2876420482,2.0074428513787996,0.0009931721193543984,0.0006677150935359724,False,True,True,True
10842,6117502220,2014-11-17,4100512.5,242.4769344,1783541.2318601534,2316971.2681398466,3.77629771353881,0.00028076676832681363,0.0006674962907316055,True,False,True,True
1756,5608000700,2014-09-18,2456738.4,424.5668928,3623161.026461467,-1166422.6264614672,-1.9018653185855894,0.0011010529528610227,0.0006644998972550718,False,True,True,True
4656,0114100745,2014-05-06,1060295.0,322.37354880000004,2496356.0150368884,-1436061.0150368884,-2.3410735736237345,0.0007253692088862625,0.0006630604580632418,False,True,True,True
3159,1827200265,2014-09-11,4344912.0,342.8122176,3155397.971539542,1189514.028460458,1.939471620892045,0.001055223964550555,0.0006622451304974323,False,True,True,True
6199,9178601660,2015-05-14,5090424.0,308.4380928,2244036.5820300356,2846387.4179699644,4.6389394018049455,0.00018459202583942513,0.0006621848786478911,True,False,True,True
15681,5026900235,2014-09-11,4232800.0,270.34784640000004,2787369.553054996,1445430.4469450042,2.3563351931727663,0.0007147897325855083,0.0006619294973941599,False,True,True,True
8364,7937600395,2014-07-08,1732130.0,489.5990208,3122220.044031769,-1390090.044031769,-2.2661845511048284,0.0007721759847772389,0.0006614409378192434,False,True,True,True
15669,1118001835,2014-12-23,4591912.5,285.2123328,3010918.577875495,1580993.922124505,2.5771781977309387,0.0005968695729407485,0.0006611140419716729,False,True,True,True
12511,0249000180,2014-12-01,4842936.0,398.0895264,2967502.038762167,1875433.961237833,3.056879964539471,0.0004236241236962538,0.0006600399468542403,True,False,True,True
16432,0715010130,2015-02-02,4706450.0,544.4118144,3498392.9375134483,1208057.0624865517,1.9696633047225944,0.0010123681849442325,0.0006552561633166689,False,True,True,True
9716,0225079036,2015-01-07,2513156.25,515.1473568,3920232.401491098,-1407076.151491098,-2.293843743153626,0.0007440434026126288,0.000652977075977503,False,True,True,True
20935,2652501565,2015-04-23,4663020.0,327.9477312,2245938.2704361826,2417081.7295638174,3.9394060367463832,0.00025237503478196116,0.0006529294422877946,True,False,True,True
15795,7013200280,2014-07-02,2189052.6,355.8186432,3275631.271923147,-1086578.671923147,-1.77180304969664,0.0012410947451019661,0.0006501654863347499,False,True,True,True
15417,0777100005,2014-11-22,4189515.0,255.48336,1639418.6045408696,2550096.3954591304,4.156140199162884,0.00022558542752442075,0.0006495882356454155,True,False,True,True
702,9349900105,2015-04-07,2482864.5,128.2061952,719824.3467003629,1763040.1532996371,2.873751589691263,0.0004715503262325881,0.0006493518591698163,False,False,True,True
9558,3179100180,2015-05-07,4684834.0,271.2768768,2543202.769651197,2141631.230348803,3.4905850557480247,0.0003173961936168354,0.0006447402437487408,True,False,True,True
3454,2559950110,2015-04-22,3726673.0020000003,229.4705088,2358109.5613662153,1368563.440633785,2.2310931522603386,0.0007741425258631068,0.0006427490113696101,False,True,True,True
18556,6738700205,2015-05-05,3416330.3000000003,262.9156032,2073190.634866543,1343139.6651334572,2.1896776139662384,0.0008028314471961264,0.0006420698653005216,False,True,True,True
21374,6169901185,2014-05-20,1085644.0,414.3475584,2953696.694401562,-1868052.6944015622,-3.044834875075545,0.0004144786361338221,0.0006407054726156673,True,False,True,True
4561,9272201250,2015-03-30,4107726.0,250.838208,2228911.879346952,1878814.1206530482,3.0623675071106837,0.00040927669003906764,0.0006399678535219474,True,False,True,True
12230,6708200320,2014-09-29,1468867.8,343.74124800000004,2439257.653180741,-970389.8531807407,-1.5825716785262771,0.0015302388673576438,0.000639734600291555,False,True,True,True
16890,1424130050,2014-12-16,2726598.5,521.1860544,4068919.94186873,-1342321.44186873,-2.1883363762941963,0.0007961518455548381,0.0006359437699233883,False,True,True,True
51,0822039084,2015-03-11,4206870.0,255.76206912,2049984.7769085988,2156885.223091401,3.51542799435329,0.0003065223964310998,0.0006315394970456425,True,False,True,True
8643,0923049440,2014-07-17,698973.6,269.418816,1887341.9696956724,-1188368.3696956723,-1.9375467929763215,0.0009965910668420438,0.0006241703995378054,False,True,True,True
7282,0922059169,2014-12-01,2049919.9999999998,509.10865920000003,3353277.473165229,-1303357.4731652292,-2.1248480844922937,0.0008273827508168269,0.0006231182341288949,False,True,True,True
17901,3262300555,2014-07-08,5444470.0,603.86976,4387651.970377289,1056818.0296227112,1.7232862292008242,0.001254594082474015,0.0006217446041496674,False,True,True,True
3956,7964410100,2015-05-04,2152780.0,497.9602944,3354080.1451385394,-1201300.1451385394,-1.958591377892585,0.0009560721934667449,0.0006118465690443403,False,True,True,True
127,4389200955,2015-03-02,4154975.0,255.48336,2362955.333906032,1792019.6660939679,2.920926194949565,0.00042916062420541266,0.0006105148147467576,False,False,True,True
19099,7298050110,2015-03-03,1220142.0,312.1542144,2481547.782052651,-1261405.782052651,-2.056493175427677,0.0008647264662984544,0.0006100392166009864,False,True,True,True
4759,0868001705,2015-02-06,4049406.5,230.39953920000002,2659237.2911307365,1390169.2088692635,2.2662429117937655,0.0007098316144331586,0.0006080305359386391,False,True,True,True
6479,7936500190,2014-10-21,3320318.3,197.88347520000002,2079295.3450318053,1241022.9549681945,2.0232874523934377,0.0008891968922893814,0.0006072229919071408,False,True,True,True
21143,8923600020,2014-08-06,4284520.0,407.84434560000005,2694482.572882831,1590037.427117169,2.5918387783048993,0.0005342192800772208,0.0005984341165424406,False,False,True,True
1809,2025770560,2014-11-03,2310027.0,530.4763584,3486633.608369045,-1176606.608369045,-1.9183465099929347,0.0009720104273182803,0.0005967550875313357,False,True,True,True
15206,3835500585,2014-10-16,4706300.0,397.6250112,3044989.7223000303,1661310.2776999697,2.707951840281601,0.0004861116682383514,0.0005943986781026797,False,False,True,True
3231,9808700405,2014-06-04,4334660.199999999,247.12208640000003,2326805.237646088,2007854.9623539113,3.272571765474309,0.0003326212981037682,0.0005939113727735331,True,False,True,True
19463,0722059020,2015-03-18,1788490.0,419.9217408,2972229.021328248,-1183739.021328248,-1.929954625936595,0.0009506697889053693,0.0005907254839796421,False,True,True,True
18877,4389201241,2014-12-30,5166309.0,435.71525760000003,3500625.5427889153,1665683.4572110847,2.715071540492559,0.00047976151378008194,0.000589718997373103,False,False,True,True
5027,3362401611,2015-03-25,3666954.0,364.1799168,2213150.4573842883,1453803.5426157117,2.3698834775998865,0.0006291874068183392,0.0005893266708394349,False,True,True,True
16270,3025300250,2015-05-13,4876686.0,218.322144,1952882.3222801834,2923803.6777198166,4.7650394850839355,0.00015515758288003195,0.0005872488185536063,True,False,True,True
10984,1330300451,2014-12-17,4263999.0,203.4576576,2028313.0450659841,2235685.954934016,3.6437870658799607,0.0002651784161478983,0.0005869594276625756,True,False,True,True
14621,7936500109,2014-07-25,4971339.0,336.3090048,2765333.6348857284,2206005.3651142716,3.5954213648677706,0.000269961984045549,0.0005817926217620972,True,False,True,True
1201,5561400340,2014-06-05,1429785.0,428.2830144,3099497.9579102546,-1669712.9579102546,-2.7216251721963665,0.0004691313306189361,0.0005794335030660039,False,False,True,True
4430,2125059013,2015-04-20,5088991.0,401.3411328,3370610.4634282365,1718380.5365717635,2.80091503965942,0.00044195050058748984,0.0005781149894038004,False,False,True,True
6918,9359100101,2015-04-14,4230560.0,326.08967040000005,2220454.9946001843,2010105.0053998157,3.2762217414487576,0.0003220428415458736,0.0005763003185219014,True,False,True,True
19669,9831200172,2015-02-27,4173390.0,265.70269440000004,2295572.5706306472,1877817.4293693528,3.0606808777329477,0.0003687297661340025,0.0005759081370765848,True,False,True,True
21599,0191100405,2015-04-21,4799497.5,316.7993664,2470951.6670217216,2328545.8329782784,3.7950832272833086,0.00023903915280674244,0.000573937002783931,True,False,True,True
9681,1370800700,2015-02-09,4724473.5,363.2508864,3456702.7611153126,1267770.7388846874,2.0668073647938225,0.0008040878295572781,0.0005729300357593824,False,True,True,True
18863,3931900580,2015-03-13,4481469.6,290.7865152,2217813.589504026,2263656.0104959738,3.689347137034531,0.00025089652781038266,0.0005693134166763035,True,False,True,True
14130,2025760210,2014-06-11,1466685.25,384.6185856,2736552.000256166,-1269866.7502561659,-2.070215005600124,0.0007949930721515355,0.0005683140546325114,False,True,True,True
6123,1377300005,2015-04-01,4559842.0,322.37354880000004,2932363.7090556696,1627478.2909443304,2.652801864061355,0.00048346655119287313,0.0005673287963662126,False,False,True,True
2565,8722100570,2015-04-03,5038720.0,273.1349376,2384041.4759073853,2654678.5240926147,4.326492790460324,0.000181642991279405,0.0005667848814389108,True,False,True,True
7495,2655500235,2015-04-10,4942758.0,364.1799168,2737184.182454549,2205573.817545451,3.5947044104482133,0.0002623952400470173,0.0005652558203516391,True,False,True,True
6197,9185700440,2014-07-28,5352480.0,544.4118144,4425871.1778074205,926608.8221925795,1.5111349436988735,0.0014827617471630172,0.0005651595269234514,False,True,True,True
7321,5101403915,2015-04-03,3054724.0,119.8449216,829573.76840657,2225150.23159343,3.62659650004012,0.00025462999432756747,0.0005582996873440433,True,False,True,True
3037,1329000090,2014-12-19,4764831.4,365.10894720000005,3495750.335461028,1269081.0645389725,2.0689205516563565,0.0007818751842693502,0.0005582304254319128,False,True,True,True
5749,2771104830,2014-06-11,1784560.0,249.90917760000002,2816372.513018973,-1031812.5130189732,-1.6824414850019336,0.0011716838704715175,0.0005534116434187553,False,True,True,True
7538,1860600535,2014-12-20,3496152.0,196.9544448,2199148.2324596047,1297003.7675403953,2.114396849173657,0.0007396127479709193,0.0005515024830831828,False,True,True,True
18630,5318100965,2015-02-17,4542720.0,361.39282560000004,2492276.8818239495,2050443.1181760505,3.3419239166728185,0.0002957528865899367,0.0005506800222852724,True,False,True,True
7846,8084900195,2014-11-21,4179358.5999999996,372.5411904,2642440.029431589,1536918.5705684107,2.5052423286240177,0.000526148230888421,0.0005506617484246802,False,False,True,True
8447,0724069023,2015-04-14,3850736.0,168.1545024,1354037.7844460905,2496698.2155539095,4.069058551405785,0.00019932527158971316,0.0005501556366583806,True,False,True,True
731,1853000510,2014-05-09,2185912.0,392.9798592,3398836.0058940277,-1212924.0058940277,-1.9774276172035303,0.0008396427641202547,0.0005476578224944621,False,True,True,True
19733,2867300030,2014-08-01,999229.4,387.21987072,2505715.655178532,-1506486.255178532,-2.4556492639850838,0.000536647159423434,0.0005396390694904596,False,False,True,True
11763,7510700030,2014-05-15,1540537.0,423.6378624,2820734.9150293916,-1280197.9150293916,-2.0870025937612433,0.0007424103264340245,0.0005393383171197298,False,True,True,True
486,2625069070,2015-04-10,4265246.0,451.50877440000005,2951872.785802059,1313373.2141979411,2.141044043784853,0.000703632090163232,0.0005379616057642583,False,True,True,True
10817,2325069032,2014-07-31,1983974.9999999998,438.50234880000005,3526979.045238659,-1543004.045238659,-2.515140840697522,0.0005094030508453603,0.0005373486934193538,False,False,True,True
13122,6453300306,2014-09-10,962317.2999999999,403.1991936,2042439.0912315696,-1080121.7912315698,-1.7610939477624765,0.0010365263563010619,0.0005363453744057028,False,True,True,True
949,2925059135,2015-04-08,4074713.1,207.1737792,1868519.2390492633,2206193.860950737,3.5956872614128117,0.00024698481366348425,0.0005323412262292427,True,False,True,True
20666,4139300135,2014-07-09,5138461.9,536.9795712,3933800.8729548827,1204661.0270451177,1.963944077745753,0.0008270039834398967,0.0005320762788747421,False,True,True,True
17681,3585901085,2014-06-04,4571801.0,353.9605824,3325414.242324598,1246386.7576754019,2.0319135655135363,0.0007724609843580855,0.0005319506789901202,False,True,True,True
3617,3426049031,2014-06-17,1956282.0000000002,279.63815040000003,3027014.439847395,-1070732.4398473946,-1.7457915706909313,0.001044047928144626,0.0005308937725924314,False,True,True,True
5960,2524049215,2015-05-01,4683038.16,346.5283392,2783348.489400275,1899689.670599725,3.0962734884134537,0.0003317559885563509,0.0005302616913860141,True,False,True,True
20832,0715010140,2014-10-02,4337375.0,537.9086016,3370236.5436352193,967138.4563647807,1.577068209470328,0.001275848130314459,0.0005295453189759279,False,True,True,True
9796,3760500240,2015-05-12,1321921.5,69.67728000000001,38596.29517748952,1283325.2048225105,2.092077258078291,0.0007199592439982722,0.0005255631244237929,False,True,True,True
8831,8833510230,2014-06-04,1376100.7,377.1863424,2881802.8530988097,-1505702.1530988098,-2.454353351119695,0.0005221609891738616,0.0005245104904095828,False,False,True,True
14244,1133000385,2014-05-30,1656860.0,370.68312960000003,2925895.708180517,-1269035.708180517,-2.0687959562007596,0.0007329440886323108,0.0005232067565084863,False,True,True,True
7389,5457300095,2015-01-07,4758242.5,346.5283392,3181062.2541682497,1577180.2458317503,2.570804398208956,0.00047470018518806843,0.0005231333746627155,False,False,True,True
2048,1118001370,2015-01-02,4222467.2,217.39311360000002,2195446.5248170495,2027020.6751829507,3.303735052746664,0.00028746766117508155,0.0005230859212763202,True,False,True,True
14100,3867400180,2015-03-27,2306518.5,92.90304,517169.3134198934,1789349.1865801066,2.9164841286758456,0.00036795963169342517,0.0005218287371830647,False,False,True,True
14141,6065300330,2014-06-20,4722180.0,300.07681920000005,2280092.8676428497,2442087.1323571503,3.9800498887963833,0.00019689563624642305,0.000519933010384699,True,False,True,True
15897,0125059178,2014-07-22,1128579.0,306.580032,2293314.784373313,-1164735.7843733132,-1.8988793968958095,0.0008532627865160177,0.0005132122864264411,False,True,True,True
7653,0125059138,2014-07-22,1128579.0,306.580032,2293181.614114426,-1164602.614114426,-1.898662232138202,0.0008532037772780339,0.0005130593919168201,False,True,True,True
16138,5556300114,2014-12-19,3496152.0,189.52220160000002,2096304.7385319397,1399847.2614680603,2.2818837131337655,0.0005904642476384139,0.0005127266416990739,False,True,True,True
9556,2589300180,2014-06-30,898620.0,261.98657280000003,2089107.7643787935,-1190487.7643787935,-1.9408238941075355,0.0008129106840611324,0.0005107601759621937,False,True,True,True
16616,7935000280,2014-08-12,4998015.0,484.0248384,3989214.6293805987,1008800.3706194013,1.644884506385374,0.0011302787960378695,0.0005102656119980173,False,True,True,True
10609,0125059179,2014-07-23,1132302.0,306.580032,2293581.12489108,-1161279.12489108,-1.8932440853036046,0.0008533809601743263,0.0005102413993757375,False,True,True,True
1398,0098000060,2014-07-14,2356200.0,494.24417280000006,3705399.14289853,-1349199.1428985298,-2.1993679058101208,0.0006317479825556706,0.0005096392071028033,False,True,True,True
781,1954700695,2014-06-12,5018850.0,451.50877440000005,4080674.027424842,938175.9725751579,1.5298575725379537,0.0012982445133575306,0.0005070741055588342,False,True,True,True
18384,7923250090,2015-03-10,4694850.0,288.9284544,2675255.2942955345,2019594.7057044655,3.291620698321142,0.00028069184045069993,0.0005070140880531135,True,False,True,True
17962,8952900245,2014-07-15,1886575.0,457.08295680000003,3154567.893154964,-1267992.8931549639,-2.067070198710671,0.0007080486939503063,0.000504579889903368,False,True,True,True
6630,3322049005,2014-09-30,2083350.0,505.3925376,2995379.818754375,-912029.818754375,-1.4872652274421776,0.0013566156396986398,0.000500808842246732,False,True,True,True
12076,4046600070,2014-06-19,1813987.0,363.2508864,3321614.6324431673,-1507627.6324431673,-2.457458341970297,0.0004948169620479087,0.0004982882046182354,False,False,True,True
11772,3592500800,2014-10-18,4528245.0,341.8831872,3042091.801379584,1486153.1986204162,2.4224690038569037,0.0005066579886734174,0.0004957927783052404,False,False,True,True
15688,1311030430,2014-08-04,2257700.0,433.85719680000005,3399383.9457414895,-1141683.9457414895,-1.8612986730660754,0.0008542284095151651,0.000493657842922365,False,True,True,True
21104,2867300190,2014-05-28,813301.5,348.66510912,2186216.2657468244,-1372914.7657468244,-2.237981125361334,0.0005904043217848237,0.0004931370143966844,False,True,True,True
19405,5561301220,2014-06-10,1315241.04,359.5347648,2695520.7750013396,-1380279.7350013396,-2.2499777489669586,0.0005824320761567171,0.0004917037285422319,False,True,True,True
19473,2566300100,2015-03-27,4477549.2,246.193056,1908287.251494959,2569261.948505041,4.187255385172867,0.00016790805925552717,0.0004907407459961743,True,False,True,True
11982,3425069083,2014-06-25,2216226.0,392.515344,3477527.3572234437,-1261301.3572234437,-2.0561480270014925,0.000694739789236681,0.0004898707440369569,False,True,True,True
6236,2195700050,2014-05-19,1790991.0,323.3025792,3130494.31143035,-1339503.31143035,-2.1835434795335944,0.0006143783618651928,0.0004885120184125832,False,True,True,True
9610,1337800805,2014-07-03,3910315.5,219.25117440000002,2506946.554687828,1403368.9453121722,2.2875883370527395,0.0005589607422910557,0.0004877852070375973,False,True,True,True
10266,5694500200,2014-08-13,1881166.8,307.5090624,3105056.120720066,-1223889.320720066,-1.9951972492249466,0.0007323730858333059,0.00048626272822351225,False,True,True,True
16596,9106000005,2015-05-27,4157940.0,348.38640000000004,2733319.3943372592,1424620.6056627408,2.322204592826443,0.0005370808725693645,0.000482972839803912,False,False,True,True
9174,1338800785,2015-03-06,3747164.4,247.12208640000003,2429595.949396819,1317568.450603181,2.1478011783533604,0.0006274336446955818,0.0004826999810432115,False,True,True,True
13413,2426039123,2015-01-30,6429454.5,732.0759552000001,5716661.275156423,712793.2248435766,1.1628127161606412,0.0021235271622987023,0.00047956704519164694,False,True,True,True
6156,1321720170,2014-08-17,1384090.0,319.5864576,2492171.5208316147,-1108081.5208316147,-1.8065343339419986,0.0008741697644622237,0.0004759011823453854,False,True,True,True
8625,6303400395,2015-01-30,865247.5,38.090246400000005,-497701.96757900715,1362949.4675790071,2.2217224770448767,0.0005775675206088227,0.0004754250237095196,False,True,True,True
16805,7116500920,2014-05-20,664679.9999999999,265.70269440000004,1382569.6589899808,-717889.6589899809,-1.1710962531051297,0.0020715270864703032,0.00047448789223634004,False,True,True,True
10981,1925059200,2015-04-07,4864540.56,250.838208,2292632.9396043345,2571907.620395665,4.191554496682963,0.00016186214427995997,0.00047403954723109843,True,False,True,True
7988,3886903615,2015-04-16,3902121.0,318.65742720000003,2202165.8741803393,1699955.1258196607,2.770782366638624,0.0003699879786165407,0.00047358932746246677,False,False,True,True
6673,0475001235,2014-08-08,1999782.0,315.870336,2931274.5104322955,-931492.5104322955,-1.518903962840818,0.0012258204472250717,0.0004719205995489658,False,True,True,True
13401,5093301285,2015-03-27,5096922.0,269.418816,1958233.0424482524,3138688.9575517476,5.115126489946564,0.00010820261529714955,0.000471895957822475,True,False,True,True
72,1525059190,2014-09-12,2418104.0,443.14750080000005,3745216.36965169,-1327112.3696516901,-2.163332324934282,0.0006028260124093087,0.00047048859042904157,False,True,True,True
6245,5536100010,2015-02-04,2850540.0,123.56104320000001,689556.1226632372,2160983.877336763,3.5219672804813387,0.00022649923416354772,0.00046836507161893235,True,False,True,True
4698,7851980100,2014-06-05,2439712.5,481.23774720000006,3671756.0942795873,-1232043.5942795873,-2.008452247641212,0.000694377118608331,0.0004671634326860625,False,True,True,True
18878,9808700025,2015-02-11,4286400.0,177.4448064,1602509.324413024,2683890.675586976,4.374024350737214,0.00014631373523943565,0.00046661617361741937,True,False,True,True
4962,5606000233,2015-04-24,2974500.0,140.2835904,1339591.256853491,1634908.743146509,2.6647917712191425,0.00039210499466878906,0.0004642458216634311,False,False,True,True
14217,8156600210,2015-03-26,4101077.5,276.8510592,2398403.759061381,1702673.7409386188,2.7751963205551706,0.00035762751084707743,0.0004592217349851845,False,False,True,True
16046,1592300010,2014-09-26,1458600.0,332.5928832,2787822.595853612,-1329222.5958536118,-2.1667540480301506,0.0005860672866451616,0.00045884928959549824,False,True,True,True
20235,5710000005,2014-05-22,4758165.0,470.08938240000003,3743577.88862177,1014587.1113782302,1.6542159706963897,0.0010046533126325695,0.00045865477974667073,False,True,True,True
6391,0042000130,2014-09-24,1444200.0,412.48949760000005,2845988.7620272413,-1401788.7620272413,-2.284975745540326,0.0005267824389545359,0.0004586401452505259,False,False,True,True
19827,8562710550,2014-05-21,2100545.0,495.17320320000005,3292260.2612524703,-1191715.2612524703,-1.9427398695762068,0.000725285864018101,0.00045656474237149627,False,True,True,True
7345,4289900005,2014-12-30,4077267.0,264.773664,3120000.3657870814,957266.6342129186,1.5608485298365011,0.0011195202058790436,0.00045508097426807926,False,True,True,True
15074,0251610020,2015-05-08,4734628.0,323.3025792,2779384.4607860446,1955243.5392139554,3.1867190034107846,0.0002684898822432253,0.0004545491330394902,True,False,True,True
21475,8085400586,2014-11-01,4277350.0,330.73482240000004,2519674.4749863893,1757675.5250136107,2.8648050225810744,0.0003304262223623282,0.00045212333217564514,False,False,True,True
16379,3262300920,2015-04-08,3700080.0,199.74153600000002,1839105.4037058353,1860974.5962941647,3.033115987945768,0.00029456094920648785,0.0004517830175809009,True,False,True,True
11400,2154500060,2014-12-03,4365993.5,398.5540416,2770636.792489022,1595356.707510978,2.6003345442057832,0.0003997490807783862,0.0004506800333029037,False,False,True,True
11334,3879901290,2015-04-01,2757994.4000000004,125.419104,1314905.8288860694,1443088.571113931,2.3522436645027387,0.0004821336966123451,0.00044482612800585846,False,False,True,True
11107,4054530260,2014-06-27,3999449.9999999995,616.8761856,4884557.866565324,-885107.8665653248,-1.443306195764989,0.0012779200515437208,0.0004442472362610579,False,True,True,True
17717,0924069042,2014-11-25,1955867.4999999998,107.76752640000001,522759.2595618591,1433108.2404381407,2.3359824879995412,0.00048797575320832284,0.00044401550407881083,False,False,True,True
19468,2397101185,2015-03-03,4357650.0,327.01870080000003,2316011.4307262823,2041638.5692737177,3.3274793014979007,0.00023898015931709746,0.0004411081900323829,True,False,True,True
21229,2738640470,2014-07-16,1383289.69,387.40567680000004,2776950.934659697,-1393661.2446596972,-2.271706069498289,0.0005078862650185929,0.00043705905538621493,False,False,True,True
11047,2481620310,2014-05-14,2478448.0,415.2765888,3507530.570875399,-1029082.5708753988,-1.6777860549350079,0.0009286917943662574,0.0004361109907760039,False,True,True,True
11309,3073500045,2014-05-07,1096274.4000000001,307.0445472,2385463.6152950004,-1289189.2152950002,-2.1015012198698915,0.0005910445579660507,0.0004352963531321099,False,True,True,True
8541,9808700650,2015-03-13,3897491.1999999997,147.7158336,1333637.9859696701,2563853.2140303296,4.178401814179807,0.00014939469322133164,0.0004347796507406325,True,False,True,True
17365,4067600255,2014-05-22,880813.7999999999,54.812793600000006,-565773.0614322498,1446586.8614322497,2.3579296816078053,0.00046838360105951396,0.00043422576973428613,False,False,True,True
11880,2288900140,2014-12-18,4321512.0,324.2316096,2298033.467657849,2023478.5323421508,3.2978827658779473,0.00023949046175930633,0.00043422159583486635,True,False,True,True
15776,8698600080,2014-09-10,608625.5,271.2768768,1740080.8691118956,-1131455.3691118956,-1.8445383118769398,0.0007625623197853246,0.0004327437006630609,False,True,True,True
7079,2724079090,2015-01-05,4472655.0,364.1799168,2999288.6279727444,1473366.3720272556,2.4015572110555823,0.00044928399062827903,0.00043206663720256404,False,False,True,True
10951,8085400055,2015-04-28,4580229.75,369.75409920000004,3061051.3657682687,1519178.3842317313,2.4761963662547832,0.000422244263996608,0.0004316841361509015,False,False,True,True
12428,7680400140,2014-06-26,1568319.0,347.45736960000005,2911857.561141357,-1343538.5611413568,-2.1900395477738774,0.0005396754285274148,0.0004316380787613157,False,False,True,True
7,7237550310,2014-05-12,2715090.0,503.53447680000005,3903271.660975307,-1188181.6609753072,-1.9369439984333665,0.0006887810617999673,0.0004309861488842031,False,True,True,True
2567,7856400240,2015-02-11,4715040.0,362.321856,2935320.2860445604,1779719.7139554396,2.9007007484702076,0.0003071859669455052,0.00043091281060406763,False,False,True,True
14997,4054550010,2015-04-13,5085804.0,444.07653120000003,3739517.0308513865,1346286.9691486135,2.1945154962979294,0.0005359379510224641,0.00043040110956684747,False,False,True,True
12611,0269000970,2015-04-02,4093960.0,413.41852800000004,2717482.9608835503,1376477.0391164497,2.243700696897083,0.0005126562653339339,0.00043035570599326797,False,False,True,True
11269,3536900030,2015-02-09,4459680.0,282.4252416,2590938.9621403962,1868741.0378596038,3.0457490253994557,0.0002780675763224259,0.0004300392630744836,True,False,True,True
9660,4217401035,2015-05-07,4509913.25,305.65100160000003,2705444.6751648337,1804468.5748351663,2.9410241880500987,0.0002977818845397301,0.0004294113908161349,False,False,True,True
4479,4054500590,2014-06-26,2010098.9999999998,375.3282816,3436941.431545511,-1426842.4315455111,-2.325752296111209,0.000473490091650668,0.0004270632930310399,False,False,True,True
5414,0240000269,2015-01-24,1370368.0,377.1863424,2667248.7577877417,-1296880.7577877417,-2.114017217750176,0.0005702914959555654,0.00042502104084146816,False,True,True,True
13273,2524049318,2014-05-28,4481000.0,395.76695040000004,3131109.284826152,1349890.715173848,2.2003763480378864,0.0005237323671143258,0.0004228434561155438,False,False,True,True
2183,6448600060,2015-02-26,4452840.0,227.61244800000003,2138489.554689102,2314350.445310898,3.771830654201773,0.00017711329525252014,0.0004200308707128556,True,False,True,True
21570,0524059330,2015-01-30,4525910.0,355.8186432,2655974.2262745425,1869935.7737254575,3.047684580790046,0.0002704094517868086,0.00041872424305927126,True,False,True,True
9195,3885804390,2015-04-21,4570950.0,322.37354880000004,2671239.692619778,1899710.3073802218,3.096198500117548,0.0002616120885130628,0.0004180977023572322,True,False,True,True
16428,0586000020,2014-08-28,1867428.2495,335.37997440000004,3195130.1518626213,-1327701.9023626214,-2.1642193423831855,0.0005344971211868593,0.0004174734486972167,False,False,True,True
4476,5701700011,2014-05-23,2329635.0,406.9153152,3653215.1063985154,-1323580.1063985154,-2.157503860020892,0.0005375060247981428,0.0004172234861952027,False,False,True,True
3723,5451100490,2015-01-15,2311535.7800000003,498.88932480000005,3098649.0796973705,-787113.2996973703,-1.283660209361899,0.001510401972691814,0.00041543004952663187,False,True,True,True
18884,4218400455,2014-07-08,4828700.0,437.5733184,3724598.252446316,1104101.7475536838,1.7999507626579394,0.0007684314246288806,0.0004152493589540168,False,True,True,True
12188,4107100204,2014-08-21,4821257.0,358.6057344,2998903.8796744943,1822353.1203255057,2.9701502040873327,0.0002821507313076992,0.0004149629371803067,False,False,True,True
11885,2806300070,2014-05-21,2155822.5,450.579744,3490338.3057567403,-1334515.8057567403,-2.1753164300437944,0.0005253909297296116,0.0004145762654052422,False,False,True,True
21370,9533100285,2014-06-30,4548162.5,404.12822400000005,2943696.8330904916,1604465.6669095084,2.615133653977868,0.00036309923841234756,0.0004140183474445747,False,False,True,True
19958,2311400195,2015-03-03,4540961.81,337.2380352,2616816.385473244,1924145.4245267557,3.136007988991324,0.00025171899827816386,0.00041269423207516623,True,False,True,True
13853,5461300150,2014-12-11,4715644.5,267.5607552,2372520.7767212614,2343123.7232787386,3.8187100513366423,0.0001697421410699388,0.0004126154811891751,True,False,True,True
12219,0824059324,2015-03-25,4564020.0,345.5993088,2645593.0137978345,1918426.9862021655,3.1266892697369966,0.00025254896525632995,0.0004115982162517742,True,False,True,True
16556,1133000235,2014-06-16,1004085.0,329.805792,2514500.884525582,-1510415.8845255822,-2.4618946118462564,0.000406611354131,0.0004109072385485747,False,False,True,True
15288,7011201306,2015-02-12,3206801.5,235.04469120000002,1906467.4411855713,1300334.0588144287,2.119622832639243,0.0005480960529053221,0.0004106394813179323,False,False,True,True
3206,4136980090,2015-04-07,1677104.7,453.64554432000006,2781878.12968453,-1104773.4296845302,-1.8010372314561467,0.0007589616611916664,0.00041062341190375686,False,True,True,True
14649,1234000704,2015-04-03,4339597.6,341.8831872,2452157.0329210013,1887440.5670789983,3.0761975499450185,0.00025940191593025637,0.00040922583577359994,True,False,True,True
4525,7871500485,2015-04-27,3613569.6,155.1480768,1719560.2833808437,1894009.3166191564,3.086899666257118,0.0002569438007597746,0.0004081722964256276,True,False,True,True
14823,7525950180,2014-07-01,2337724.0,424.5668928,3416473.568249464,-1078749.568249464,-1.7586405973952137,0.000791124468100912,0.0004081233775425542,False,True,True,True
1057,5416300240,2015-02-02,2514589.0,526.7602368,3506263.0712022856,-991674.0712022856,-1.616801209237202,0.0009347172292293246,0.0004076133323018996,False,True,True,True
8694,8835401250,2015-05-06,4517370.0,411.5604672,3180913.9197196886,1336456.0802803114,2.1784673368705922,0.0005145434846434531,0.0004071893956411637,False,False,True,True
9643,4391600065,2014-08-14,749199.0000000001,48.309580800000006,-454433.5747941509,1203632.574794151,1.9620767497364464,0.0006328153329778104,0.0004062867332757334,False,True,True,True
20502,2311400145,2014-10-29,4138795.654,308.4380928,2462110.285624817,1676685.368375183,2.732793286264577,0.00032510236527792387,0.00040478429674207264,False,False,True,True
21188,7896300592,2015-01-14,795837.7,314.9413056,1896187.0169653818,-1100349.3169653818,-1.7938173445122605,0.0007505436768043064,0.0004028164866693033,False,True,True,True
5668,9253900417,2015-01-28,4127520.0,264.773664,2440812.7735238895,1686707.2264761105,2.7491189443540365,0.0003187372352573092,0.0004016123505156156,False,False,True,True
18916,9253900408,2015-04-08,4316760.0,290.7865152,2216471.630811006,2100288.369188994,3.423009984083112,0.00020554197803784576,0.00040147165464735686,True,False,True,True
5065,7237550020,2014-07-03,2450910.0,471.0184128,3698419.1082942113,-1247509.1082942113,-2.033546749260653,0.0005793221470050706,0.0003995111201975469,False,True,True,True
7883,5469501530,2014-06-03,1302605.0,353.03155200000003,2551983.5930514783,-1249378.5930514783,-2.0365923746687713,0.0005775604701392482,0.00039948947459266204,False,True,True,True
2391,6669100070,2014-05-12,1994760.0000000002,436.644288,3354191.5006180704,-1359431.5006180701,-2.2158835990751142,0.00048348531536029395,0.0003958548311027989,False,False,True,True
421,8678500060,2014-07-10,3446735.0,563.9214528,4397537.051031917,-950802.0510319173,-1.5502010678139344,0.0009818960850819301,0.0003936560977101505,False,True,True,True
18208,9471200065,2014-10-15,4510618.0,517.4699328,3657028.7090808228,853589.2909191772,1.3918635594213444,0.0012109132840164624,0.0003914545398357985,False,True,True,True
3584,1925069006,2014-12-03,909048.5000000001,49.2386112,-245074.10131881386,1154122.6013188139,1.8813939846700398,0.000659262075670377,0.0003891820072606885,False,True,True,True
5180,6447300345,2015-04-06,3587416.0,248.9801472,2451111.8843866736,1136304.1156133264,1.8523660676390015,0.0006796583957022744,0.0003889451331299095,False,True,True,True
2316,2451000070,2015-04-02,4408880.0,257.34142080000004,1899331.313221328,2509548.686778672,4.0898782159616065,0.0001388340787419045,0.00038710241785154173,True,False,True,True
15894,4389200876,2014-07-01,3451451.0,275.9220288,2111083.213721603,1340367.7862783968,2.184810853634548,0.0004846315096898898,0.0003857434942863552,False,False,True,True
15072,7418000130,2014-12-11,1129653.0,399.48307200000005,2338269.1836110353,-1208616.1836110353,-1.970163186844803,0.000594781557716851,0.0003850073588856148,False,True,True,True
14644,3530210180,2014-07-23,1853867.0000000002,416.2056192,3024188.797215499,-1170321.7972154988,-1.907776771055647,0.0006337545713208693,0.0003846806055537696,False,True,True,True
12648,0924069106,2015-03-13,2871496.0,137.49649920000002,834042.7130388394,2037453.2869611606,3.320608122569543,0.0002088893523243306,0.00038396446537162447,True,False,True,True
4537,5556300076,2015-04-23,4339617.0,244.3349952,1711029.7092121616,2628587.2907878384,4.283846207162265,0.00012371577386304303,0.00037843848922724285,True,False,True,True
2369,3508100135,2015-03-16,3551495.6999999997,206.24474880000002,2180982.1253496855,1370513.5746503142,2.2339147599546,0.0004542202742396483,0.00037795993895814206,False,False,True,True
18059,0736100065,2015-03-10,3912375.0,306.580032,2273192.642012365,1639182.3579876348,2.671657798900698,0.0003175137761813312,0.0003778425816821052,False,False,True,True
18462,2616800600,2014-05-30,1880760.0,398.5540416,3045605.2158601135,-1164845.2158601135,-1.8988406904180966,0.0006247646518922484,0.0003756761941322984,False,True,True,True
15136,3353400840,2014-12-02,590272.0,198.8125056,1623595.8857290223,-1033323.8857290223,-1.6845819357910072,0.0007874956963433086,0.000372754896543099,False,True,True,True
3273,2386000300,2014-12-02,2053119.9999999998,427.353984,3141877.201491989,-1088757.2014919894,-1.7748827687824342,0.0007090896299157875,0.0003725609161795333,False,True,True,True
13493,1336800065,2015-03-24,4157967.9999999995,302.8639104,2915722.607550822,1242245.3924491773,2.024928982639507,0.0005423456640790154,0.00037083448745490994,False,False,True,True
4371,4166600115,2014-11-21,2919965.0,300.07681920000005,1790160.5487908795,1129804.4512091205,1.841747443686297,0.0006546098200819958,0.0003703188368359694,False,True,True,True
17811,7298050090,2014-10-07,1225938.0,327.9477312,2361472.9464208707,-1135534.9464208707,-1.8510811620063878,0.000646153475410062,0.00036924622844417264,False,True,True,True
20041,1646502355,2015-04-03,4030976.0,286.1413632,2124290.5893639326,1906685.4106360674,3.1075165904618007,0.0002293637188282953,0.00036923257226698704,True,False,True,True
1734,8081500060,2014-10-01,4747314.399999999,397.6250112,3430203.487052031,1317110.9129479686,2.1468958694432723,0.000478966978165972,0.00036811570439638163,False,False,True,True
6205,0425079099,2014-05-07,1247792.0,382.76052480000004,2695371.8271894157,-1447579.8271894157,-2.359462685701993,0.0003959206262178251,0.0003674980884881183,False,False,True,True
352,7325600160,2014-06-04,681779.7999999999,52.0257024,-327834.5159358233,1009614.3159358233,1.6459455608443114,0.000807263579092516,0.00036479239373868414,False,True,True,True
9779,4047200135,2014-08-11,658939.5225,265.70269440000004,2275021.003695585,-1616081.4811955849,-2.6340032494847767,0.00031518199549547196,0.000364568940919393,False,False,True,True
9565,3023039231,2014-07-14,1441440.0,85.4707968,-76806.69363363087,1518246.6936336309,2.4745964823040234,0.0003565892846029619,0.0003640664953160921,False,False,True,True
4830,3211270170,2014-05-23,896354.8,377.1863424,2212868.2142400593,-1316513.4142400592,-2.1459148388263536,0.0004723478651617076,0.0003626944072160337,False,False,True,True
12820,2397100975,2015-02-20,3768441.3,276.8510592,2536282.9419768527,1232158.358023147,2.008481435005808,0.0005372487531899033,0.000361404200812515,False,False,True,True
12352,8964800860,2015-02-09,4599045.0,258.2704512,2056582.388362132,2542462.611637868,4.14349275888766,0.000126210937361107,0.0003611883438357183,True,False,True,True
2691,3888100226,2014-06-30,1015352.5,334.45094400000005,1827099.8159538135,-811747.3159538135,-1.323652158402963,0.001235309305791927,0.00036116780241058743,False,True,True,True
15247,0629000605,2015-02-27,4023723.6,270.34784640000004,2368552.924064353,1655170.675935647,2.697689678602259,0.0002974764706169513,0.00036092300290513536,False,False,True,True
3328,4021700025,2014-06-10,1268642.4,340.9541568,2648799.2186514437,-1380156.8186514438,-2.249602323853421,0.00042687972529393756,0.000360206224289254,False,False,True,True
18781,6841700100,2014-09-29,1814628.0,224.8253568,2649101.21562095,-834473.2156209499,-1.360660823992895,0.0011638694878090983,0.0003595493852153764,False,True,True,True
15892,1525069088,2015-05-04,1360864.5,393.9088896,2529497.7464452833,-1168633.2464452833,-1.9049853508251593,0.0005929788392079714,0.0003588631208943329,False,True,True,True
5692,1453602360,2015-04-06,3092600.0,143.0706816,1243696.5511831194,1848903.4488168806,3.013354983996,0.0002369656906426043,0.0003587052538344764,True,False,True,True
4220,1025039086,2014-09-16,4378312.5,304.72197120000004,3474773.5435556397,903538.9564443603,1.4731491426327459,0.000990699175504292,0.00035868602345740045,False,True,True,True
6986,0203100440,2014-09-11,2768480.0,501.676416,3842141.358402252,-1073661.3584022522,-1.7502671575925366,0.0007016724269511675,0.0003585062135125307,False,True,True,True
13544,0251500330,2014-10-14,4258402.5,401.3411328,3144421.8844846413,1113980.6155153587,1.8159494074248543,0.0006514658877223465,0.00035828690836155154,False,True,True,True
6235,2024069008,2014-06-19,4957480.0,556.4892096,4021438.6681827083,936041.3318172917,1.526087747736403,0.0009200520230159435,0.00035745378730831943,False,True,True,True
4676,2998800110,2015-03-25,4233522.0,319.5864576,2435560.1377398595,1797961.8622601405,2.9303479489070017,0.00024917786259506797,0.0003567014040245256,False,False,True,True
16027,1370801440,2015-03-25,4406640.0,327.01870080000003,3196092.445117481,1210547.554882519,1.9732665856944078,0.0005492732945808223,0.0003566542220150367,False,False,True,True
5342,6632900574,2014-08-06,837532.5,276.8510592,2121036.8685769364,-1283504.3685769364,-2.092126894880757,0.000488352342644497,0.00035642668427023056,False,False,True,True
11678,7419500200,2015-04-01,4480952.0,366.967008,2870396.415163718,1610555.5848362818,2.624989957155148,0.0003100043001789225,0.0003561282406184954,False,False,True,True
7204,8901000143,2014-11-25,1261850.0,249.90917760000002,2020064.6336966679,-758214.6336966679,-1.2364572395911215,0.0013913517493264055,0.0003550165249659882,False,True,True,True
7156,9558050170,2014-05-13,1049797.5,347.45736960000005,2423676.746658623,-1373879.2466586232,-2.239367195970533,0.00042426588336186635,0.0003547494895339885,False,False,True,True
18052,7701961220,2014-06-26,1767120.0,277.7800896,2873774.248076923,-1106654.2480769232,-1.8040045761701164,0.0006494788868571504,0.000352509815097958,False,True,True,True
16879,2725069108,2014-08-05,1706700.0,428.2830144,2926856.8798105195,-1220156.8798105195,-1.9889152960960914,0.0005341203275640305,0.0003523323003858945,False,False,True,True
9814,9265200060,2014-10-07,1562470.0,362.321856,2527503.142845899,-965033.1428458989,-1.573301732879839,0.0008524728715004516,0.0003519846634683917,False,True,True,True
8176,9279700150,2015-02-12,4651562.5,409.70240640000003,3307755.739395976,1343806.760604024,2.1903657087912634,0.00043835781214505293,0.00035067207400560146,False,False,True,True
19531,1651500040,2014-08-01,4476186.0,405.05725440000003,3031710.1947941408,1444475.8052058592,2.354383172729322,0.0003788057845949813,0.0003500936121000446,False,False,True,True
13623,2525049266,2014-08-21,3978948.4,284.2833024,2462620.9585045204,1516327.4414954796,2.471450860182948,0.0003424930497267079,0.0003487813387003992,False,False,True,True
4488,1724069059,2014-05-24,4437400.0,425.49592320000005,3055742.2859790325,1381657.7140209675,2.2520289425859388,0.0004093183086332,0.00034612714243030534,False,False,True,True
16149,8854000010,2014-08-12,1229580.0,293.5736064,2803619.7234184965,-1574039.7234184965,-2.565479894228573,0.0003146038598212317,0.0003452126322137477,False,False,True,True
3346,3861470110,2014-06-23,4605462.5,392.9798592,3268323.8522004113,1337138.6477995887,2.179492260933691,0.0004341210163815606,0.00034384190201226875,False,False,True,True
8621,1823069059,2014-06-11,791898.5,69.67728000000001,-250346.47087924182,1042244.9708792418,1.6990619996038523,0.000712706982943021,0.0003431530411864842,False,True,True,True
6908,0587550280,2014-05-30,1399375.0,393.9088896,2644732.2620099783,-1245357.2620099783,-2.029957864846658,0.0004993745172989783,0.0003431358569467936,False,False,True,True
16346,7298040500,2014-07-09,1075955.4000000001,330.73482240000004,2271775.383797206,-1195819.9837972058,-1.9492503452251504,0.0005396354285543692,0.0003419155619621976,False,False,True,True
23,2524049179,2014-08-26,4549600.0,283.35427200000004,2242560.3559877425,2307039.6440122575,3.759855465599097,0.0001450146834257194,0.0003417165497770697,True,False,True,True
7532,7228501745,2015-02-19,2668957.5,113.3417088,1436343.5597307533,1232613.9402692467,2.0091940832396533,0.0005074274866782558,0.00034157568528364016,False,False,True,True
2792,0824059331,2014-11-08,4141080.9999999995,327.9477312,2531116.1626571715,1609964.837342828,2.6240102488317176,0.00029715081969115587,0.0003411032099030957,False,False,True,True
17291,6813600605,2015-01-28,3482595.0,317.72839680000004,2383225.6570236087,1099369.3429763913,1.7921176719099419,0.000636689045825943,0.00034102464926560964,False,True,True,True
2458,7632400400,2015-03-20,3404415.0,296.36069760000004,2183726.831866987,1220688.168133013,1.9897636640551117,0.0005163809373330726,0.0003409151190779971,False,False,True,True
19783,2867300160,2014-09-04,1006019.9999999999,365.20185024,2301017.763247527,-1294997.7632475272,-2.110830071461018,0.0004588151194362816,0.00034087277984762857,False,False,True,True
1419,7663700030,2015-05-03,3517480.0,164.4383808,1736775.812634118,1780704.187365882,2.9022110077480345,0.00024222110602820784,0.0003401135312945674,False,False,True,True
16731,4039800080,2014-05-29,3015010.5,553.7021184,3814050.9537185356,-799040.4537185356,-1.3029064913290715,0.0011960735323124144,0.00033880739769095666,False,True,True,True
14552,0632000065,2014-06-11,4436862.3,267.5607552,2116163.080826208,2320699.219173792,3.7821112312761405,0.0001420136533021735,0.0003386172855708862,True,False,True,True
6337,0824059321,2014-06-02,4449258.079999999,405.9862848,2956966.4262752086,1492291.6537247906,2.432276076004395,0.0003432888972412355,0.0003385971960941155,False,False,True,True
3102,0622069006,2014-08-20,3382500.0,608.5149120000001,4123257.0141505897,-740757.0141505897,-1.2079869418070572,0.0013891791724819948,0.0003383258835275296,False,True,True,True
452,4055700030,2015-05-02,4340720.0,368.8250688,3269047.295050189,1071672.704949811,1.7469926536002234,0.0006643426568595269,0.00033815176785964693,False,True,True,True
6394,4058801702,2015-02-06,2211280.0,458.9410176,3103196.7592544854,-891916.7592544854,-1.4541765688337465,0.0009584154992397492,0.00033810632660571493,False,True,True,True
6825,8964800225,2015-03-03,4154293.0,175.5867456,1655594.0771456212,2498698.922854379,4.072162047632665,0.0001221279562720781,0.0003375724423502303,True,False,True,True
18599,3222049087,2015-04-22,1720602.0,66.8901888,461390.3705678955,1259211.6294321045,2.052519724277679,0.00047887965165948135,0.00033640143242024263,False,False,True,True
20922,2124069115,2014-10-21,4537851.0,418.06368000000003,3301331.1547881216,1236519.8452118784,2.015549633940648,0.000496339269113133,0.0003362249921099218,False,False,True,True
15842,7351200050,2014-12-18,3561246.0000000005,213.676992,1765174.020771265,1796071.9792287354,2.9272454122867324,0.0002338948655131734,0.0003341098635638332,False,False,True,True
15735,3616600231,2014-06-03,2174784.0,426.42495360000004,3365986.3556020707,-1191202.3556020707,-1.9417146720157634,0.0005306862999261419,0.0003336475848872525,False,False,True,True
2958,2597460090,2015-03-16,3854711.4999999995,285.2123328,2386222.964243464,1468488.5357565354,2.3934847881338372,0.00034767693237642856,0.0003320756187110473,False,False,True,True
9929,8568030030,2014-07-29,1280984.9999999998,365.10894720000005,2717485.6659551263,-1436500.6659551265,-2.341364952167753,0.00036227111650296434,0.0003311143831304671,False,False,True,True
14296,5469501830,2014-06-24,880904.0499999999,240.61887360000003,2075129.4470691755,-1194225.3970691757,-1.9466354456190131,0.0005235771306832428,0.00033084617547327803,False,False,True,True
2347,3185600055,2014-06-11,1104196.5,319.5864576,1917787.8630632684,-813591.3630632684,-1.326586736247996,0.0011263431388433796,0.00033073504015994365,False,True,True,True
2142,1224059053,2014-10-27,4307970.0,232.25760000000002,1925360.765663907,2382609.234336093,3.882987083778697,0.00013135034512082333,0.0003301177741482445,True,False,True,True
1937,6738700320,2015-04-14,3856912.0,296.36069760000004,2901535.733448297,955376.2665517032,1.5575292168200878,0.000815485736486498,0.00032998319904703027,False,True,True,True
7847,4139420590,2014-05-20,2686414.9999999995,423.6378624,3674798.2395100594,-988383.2395100598,-1.6112947939052604,0.0007597053070615457,0.00032898339561057596,False,True,True,True
3354,5021900090,2015-03-06,3340260.0,262.9156032,1674336.4546462893,1665923.5453537107,2.7151746675596447,0.000267550708495207,0.00032882635046995774,False,False,True,True
19897,2579500181,2015-04-07,4153723.0,319.5864576,2477176.596966639,1676546.4030333608,2.732483445376128,0.0002641186816592974,0.00032875901444264193,False,False,True,True
14692,0255520180,2014-12-18,1507194.0,375.3282816,2594178.8876702115,-1086984.8876702115,-1.7719213885022582,0.0006276869300785928,0.0003286649734233477,False,True,True,True
7417,5017000470,2014-07-10,4391807.5,445.934592,3244861.2335910127,1146946.2664089873,1.8696061878858266,0.0005638074098441772,0.0003286432600152789,False,True,True,True
16366,2663000345,2015-04-08,3700080.0,222.03826560000002,2434896.884991236,1265183.115008764,2.062237344706239,0.00046344388253621773,0.00032864309775185456,False,False,True,True
6392,4139430250,2015-03-30,4681503.6,461.72810880000003,3557469.6838503033,1124033.9161496963,1.8322781858213806,0.000586501063593192,0.0003283637182792007,False,True,True,True
18514,4473400155,2015-04-17,3474379.9999999995,293.5736064,1876729.5094197467,1597650.4905802528,2.6039305000032407,0.0002901316087143245,0.00032796582675384805,False,False,True,True
10285,0098001000,2014-10-07,2463895.0,469.16035200000005,3565461.798913285,-1101566.7989132851,-1.795673551695934,0.000607454359450257,0.00032664880148246587,False,True,True,True
5056,4217400305,2015-03-31,4154360.0000000005,285.2123328,2319144.2403684556,1835215.7596315448,2.9910190343828407,0.000218472024150259,0.00032582006596758246,False,False,True,True
15329,9358400080,2014-06-27,1208624.9999999998,385.547616,2513714.360127695,-1305089.3601276951,-2.1272504736365274,0.000431774725620445,0.0003257847734839622,False,False,True,True
13677,4389201075,2014-07-31,4308060.0,341.8831872,2776070.0312354937,1531989.9687645063,2.496942048240512,0.00031282743761467833,0.00032516694685883824,False,False,True,True
5721,1796100010,2014-09-11,1269840.0,349.3154304,2482861.508150637,-1213021.5081506371,-1.9772484848923157,0.0004979203589093387,0.000324599191979004,False,False,True,True
13264,2011400021,2014-07-01,864516.8,347.45736960000005,2078077.9145674706,-1213561.1145674705,-1.9781264162393954,0.0004962655416361796,0.0003238072248749657,False,False,True,True
1381,1453600202,2014-05-20,1152112.0,248.9801472,2319497.3049763665,-1167385.3049763665,-1.9028955178149922,0.0005346094361526142,0.00032281038365143,False,False,True,True
5791,1624079088,2014-08-11,945328.4999999999,362.321856,1716547.288705118,-771218.7887051181,-1.2575575156642103,0.001222636553441082,0.0003226510990567708,False,True,True,True
14974,1336800670,2014-12-29,3816577.5,263.8446336,2826466.29673972,990111.2032602802,1.6140977223506159,0.000742303445697607,0.00032256138373782224,False,True,True,True
6482,7203601405,2015-04-14,670096.0,67.8192192,-394739.96671561897,1064835.966715619,1.735826980227781,0.0006404733618757194,0.00032184067701855146,False,True,True,True
11873,8835800350,2015-01-12,5182125.0,689.3405568000001,4658610.323428661,523514.67657133937,0.8542538669687522,0.0026375386497682705,0.0003216388277147888,False,True,True,True
11502,4322200105,2015-03-31,734792.4,39.0192768,-398228.0182460323,1133020.4182460322,1.8469070775455707,0.0005649322432043236,0.0003213517132124367,False,True,True,True
1500,9272200810,2015-03-16,3928902.5999999996,322.37354880000004,2140889.112232931,1788013.4877670687,2.914101360038132,0.00022683421874187572,0.00032111837012754624,False,False,True,True
10709,1315300070,2015-03-19,3021017.1,183.01898880000002,1926990.3284143433,1094026.7715856568,1.7833799827967005,0.0006046465236489804,0.0003207013287505258,False,True,True,True
13780,0427000065,2015-01-26,1395672.5,403.1991936,2366786.257600799,-971113.7576007992,-1.583147374592348,0.0007670986639512502,0.0003206830020976625,False,True,True,True
11601,7284900030,2014-05-22,1881134.9999999998,287.07039360000005,2990646.8270661756,-1109511.8270661759,-1.8086064496017675,0.0005871624528280429,0.0003202950688162363,False,True,True,True
15914,0098000130,2015-03-24,4461675.0,430.14107520000005,3493705.6473454535,967969.3526545465,1.5780227453530242,0.0007690006755100998,0.00031940086626127724,False,True,True,True
5674,3914000095,2014-07-18,961566.0000000001,358.6057344,2062599.9993550405,-1101033.9993550405,-1.7947932504959505,0.0005943353867840818,0.00031927681851580387,False,True,True,True
14257,1338300555,2015-03-20,3971817.5,272.2059072,2731528.5167905837,1240288.9832094163,2.021664599261582,0.0004678642597069514,0.00031885267976863147,False,False,True,True
5206,4048400185,2014-10-22,872291.2,70.6063104,-219861.3337070048,1092152.5337070047,1.780323443045037,0.0006031502934002574,0.00031881161706712863,False,True,True,True
11574,6645950070,2015-04-01,4575620.0,464.51520000000005,3476820.1299619004,1098799.8700380996,1.7911526854802071,0.0005957688882653727,0.00031875030063325003,False,True,True,True
18395,3879901285,2015-03-26,3925545.0,247.12208640000003,1861564.6996072754,2063980.3003927246,3.363773202388668,0.00016833948376631692,0.0003175128224577654,True,False,True,True
2115,1888120140,2014-07-09,2189547.1,374.39925120000004,3231595.7990949303,-1042048.6990949302,-1.6986967877511863,0.0006594673168734593,0.00031736589539708727,False,True,True,True
17202,2524049108,2015-05-12,4193682.0,376.257312,3015632.4334893897,1178049.5665106103,1.920260185920946,0.0005152439937170638,0.00031681495046262815,False,False,True,True
16374,8155850010,2014-05-07,1504035.0000000002,341.8831872,2863669.801311858,-1359634.8013118578,-2.2161075479272716,0.00038657352714596845,0.00031654134587066267,False,False,True,True
1541,3425059222,2014-11-24,3286660.0,609.72265152,3907474.3224484622,-620814.3224484622,-1.0126236885306565,0.0018484349003707306,0.0003164846003909121,False,True,True,True
17899,4054500180,2014-07-24,2187094.0,374.39925120000004,3407103.6095600426,-1220009.6095600426,-1.9886189750074101,0.0004775643620724031,0.00031491349452145894,False,False,True,True
13494,9413900035,2015-01-09,4386195.0,363.2508864,2804294.3089356646,1581900.6910643354,2.578252867167601,0.0002840644491829518,0.0003148038524629448,False,False,True,True
20520,3232200085,2015-04-28,4341450.0,340.9541568,2687446.2805033177,1654003.7194966823,2.6957367575550246,0.00025968676872920385,0.0003146055126503511,False,False,True,True
4610,1564000740,2014-08-20,1713800.0,432.9281664,2607920.766108282,-894120.7661082819,-1.457718252582824,0.0008875249598378036,0.00031460246928443914,False,True,True,True
7392,2481630290,2014-06-26,1941623.0999999999,392.9798592,3170228.6064934805,-1228605.5064934806,-2.002622749365941,0.0004700168817511896,0.0003143146842207584,False,False,True,True
12389,1226069045,2014-08-27,2212788.45,383.96826432,3428767.985617839,-1215979.5356178386,-1.9820521654795458,0.0004798053467213667,0.00031430581831373185,False,False,True,True
9114,7352200100,2015-02-24,3896264.0,243.40596480000002,2211283.465524934,1684980.5344750658,2.7462102090026086,0.00024997497273807935,0.0003142833764191714,False,False,True,True
3756,0686400930,2014-08-25,1343391.2000000002,365.10894720000005,2365469.351978421,-1022078.151978421,-1.6661566658490452,0.0006773248152683823,0.0003135968306371734,False,True,True,True
15635,0013001795,2014-10-14,766512.45,232.25760000000002,1885165.249335453,-1118652.799335453,-1.8234871278339349,0.0005652958586333332,0.00031345523805607466,False,True,True,True
18537,3667500015,2014-09-25,1854545.0,341.8831872,3003591.4096342027,-1149046.4096342027,-1.8730032074728165,0.0005356680183599243,0.0003133676853372242,False,False,True,True
7848,4139420590,2014-08-27,2710920.0,423.6378624,3674798.2395100594,-963878.2395100594,-1.571345938697819,0.0007597053070615457,0.00031287263938525433,False,True,True,True
14989,9187200095,2014-12-02,1109968.0,286.1413632,2223879.161919579,-1113911.161919579,-1.8157599494256156,0.0005675445162738628,0.0003120413139217635,False,True,True,True
9119,1454600156,2014-06-25,1896472.0,418.06368000000003,2842256.8625656664,-945784.8625656664,-1.541870310033756,0.0007866495808796954,0.0003119374581143968,False,True,True,True
10995,6888900060,2014-11-16,852033.6,239.6898432,1934127.8357443362,-1082094.2357443362,-1.7639239750462412,0.0005993146434351585,0.00031097374384908414,False,True,True,True
18023,1807900300,2014-12-17,2261418.0,235.04469120000002,1222359.2475476637,1039058.7524523363,1.6938131389177244,0.0006481580861126823,0.00031012892270984767,False,True,True,True
433,2944010240,2014-09-08,2222110.8,375.3282816,3392930.1765390113,-1170819.3765390115,-1.9084699790835042,0.0005102630708074662,0.00030990973195917283,False,False,True,True
16780,2742100250,2014-07-20,1229910.0,354.8896128,2462990.278884493,-1233080.2788844928,-2.009906550670023,0.00046000885780155465,0.0003098607020997579,False,False,True,True
2860,6752500090,2015-01-27,4735951.5,452.43780480000004,3794337.1767678782,941614.3232321218,1.5350715011485376,0.000786952746117061,0.0003093118273052778,False,True,True,True
1222,8029520240,2014-10-10,1144892.5,340.02512640000003,2362010.0134747997,-1217117.5134747997,-1.9838975365508065,0.0004701945174154787,0.00030858089737281075,False,False,True,True
1732,5021900140,2014-11-20,4273055.0,448.72168320000003,3112422.635925524,1160632.364074476,1.8918710584854999,0.0005168235666239769,0.00030845984574720157,False,False,True,True
9734,0263000324,2014-05-13,1215555.0,319.5864576,2103812.68308606,-888257.68308606,-1.4481527399706906,0.0008782649860750551,0.00030724487861173445,False,True,True,True
5933,0853600020,2014-07-10,1867908.0,356.74767360000004,3123387.2227930725,-1255479.2227930725,-2.0463949081018233,0.0004388482711834463,0.00030643097687105833,False,False,True,True
10083,3592500340,2015-03-13,3549040.0,234.11566080000003,2278014.7547087595,1271025.2452912405,2.0717230527327044,0.000427825078427608,0.00030617112310722336,False,False,True,True
15876,7403200050,2014-11-13,4115999.9999999995,313.08324480000005,2823832.134172708,1292167.8658272917,2.1061692656815785,0.00041315208260548145,0.000305579843889372,False,False,True,True
21385,0644000115,2014-09-23,4240589.0,369.75409920000004,2705155.938105859,1535433.0618941411,2.502528268754997,0.0002923998336372036,0.0003052887924105785,False,False,True,True
17746,9358400150,2015-02-06,1755203.5,385.547616,2822805.7747377604,-1067602.2747377604,-1.740304298095975,0.0006035615014353957,0.000304847661568424,False,True,True,True
17622,1593000690,2015-04-08,971271.0,108.69655680000001,-116723.42843280733,1087994.4284328073,1.773523859364464,0.000578992556258158,0.0003037017727188353,False,True,True,True
8608,2422059015,2014-08-08,1225268.73,84.5417664,-132957.97848447412,1358226.708484474,2.2137948866392523,0.00037070584352072444,0.0003029102482557978,False,False,True,True
5741,6613000585,2015-01-08,4362223.95,324.2316096,2641287.934971988,1720936.015028012,2.8047842607453495,0.0002308638382772796,0.0003027637385396783,False,False,True,True
4029,8964800930,2015-03-17,4412205.0,208.1028096,1806473.71038042,2605731.28961958,4.246548620810541,0.00010071854572624552,0.0003027430218124553,True,False,True,True
218,0046100204,2015-02-21,4319500.5,306.580032,2507835.0752665102,1811665.4247334898,2.952621506612744,0.00020804809830008743,0.00030235588157801293,False,False,True,True
2801,0393000045,2014-12-26,1112698.0,343.74124800000004,2173708.630623907,-1061010.6306239069,-1.7295611565761884,0.0006057960315871448,0.0003022109481883623,False,True,True,True
12828,3025059072,2014-07-25,3899045.6999999997,363.2508864,2894556.4256091863,1004489.2743908134,1.6374814547436831,0.0006743618519941261,0.00030156955485046154,False,True,True,True
17982,0046100504,2014-06-17,4557912.2,380.902464,3715829.593242191,842082.6067578094,1.372922353143048,0.0009513341114905545,0.00029914870473105715,False,True,True,True
7066,0327000050,2014-12-12,3983700.0000000005,358.6057344,2525466.375825569,1458233.6241744314,2.3767345721305397,0.00031758850321923077,0.0002990975378233558,False,False,True,True
18804,3621059043,2014-05-27,654972.2,301.93488,1898084.758607246,-1243112.558607246,-2.0262278863897496,0.0004292623099407186,0.00029385599172863594,False,False,True,True
11364,7701960990,2014-06-16,1923380.6,296.36069760000004,2958186.1408021003,-1034805.5408021002,-1.686855077975426,0.000618864680374932,0.0002936762632315399,False,True,True,True
17290,5316100920,2014-07-25,5015925.0,478.45065600000004,4119485.1086963937,896439.8913036063,1.4614513969609977,0.0008221518604398801,0.0002929049760807595,False,True,True,True
6914,2386000020,2014-10-08,2130372.0,415.2765888,3051431.108507,-921059.1085069999,-1.5015548130574878,0.0007783742777268381,0.0002927236295492578,False,True,True,True
21319,1732800199,2015-05-11,2821362.5,156.0771072,1443466.5328950062,1377895.9671049938,2.2458281920950185,0.00034762629680989456,0.0002923246434137686,False,False,True,True
771,1196003428,2014-06-24,899788.4999999999,294.5026368,2099829.0279329196,-1200040.5279329196,-1.9560502674816382,0.00045809526399315584,0.000292256088776399,False,False,True,True
488,9286000240,2014-07-11,2371727.6,451.50877440000005,3465369.6046121344,-1093642.0046121343,-1.7827027806116738,0.000548595033792741,0.0002907346686892315,False,False,True,True
4976,0280610020,2014-09-02,1857982.5,381.83149440000005,3224454.3321297914,-1366471.8321297914,-2.22721170820149,0.00035092689945832867,0.000290229025239616,False,False,True,True
17267,2625079030,2014-10-28,1355360.5,329.805792,2785057.325259775,-1429696.825259775,-2.330226180527871,0.00032011630315934795,0.00028979557121776577,False,False,True,True
9404,0425069020,2014-05-05,2429174.0,403.1991936,3378408.9201788977,-949234.9201788977,-1.5474473766853711,0.0007254264857183002,0.0002897270862014293,False,True,True,True
328,3530210260,2014-10-27,696814.1475,281.4962112,2375082.880848691,-1678268.733348691,-2.7352467839312835,0.00023212623718556896,0.00028951217766862196,False,False,True,True
8059,2722059013,2015-02-04,1493140.0,117.9868608,375221.5385725349,1117918.461427465,1.822250604912302,0.0005219695415461245,0.00028902596828035785,False,False,True,True
13809,5561300730,2014-06-05,1202835.0,386.47664640000005,2315632.3565151244,-1112797.3565151244,-1.813906217398609,0.0005255101243235825,0.00028832863901783563,False,False,True,True
21150,0524059063,2014-05-06,4017960.0000000005,417.13464960000005,3073208.460522659,944751.5394773413,1.5401393131357384,0.0007264197561409344,0.00028739023314135946,False,True,True,True
6669,1245500950,2015-05-04,3382940.0,203.4576576,1520571.2977411002,1862368.7022588998,3.0352251018886367,0.0001871350395665529,0.00028738689011210077,True,False,True,True
2689,3076500830,2014-10-29,937795.7470000001,65.9611584,-151334.21325033158,1089129.9602503316,1.7753434955165144,0.0005436643821677221,0.00028574628466059796,False,False,True,True
14330,8085400410,2015-03-31,2951360.0,130.99328640000002,1042031.1597373933,1909328.8402626067,3.111742895698983,0.00017669893657185076,0.0002852113767122001,True,False,True,True
13857,3735900770,2014-10-17,1896967.5000000002,295.4316672,2705290.6721284315,-808323.1721284313,-1.3179018330212569,0.0009824084413643588,0.00028466483626194875,False,True,True,True
18770,1959701800,2014-07-02,4753276.5,432.9281664,3932192.1116745546,821084.3883254454,1.3386874653824266,0.0009519011906514666,0.00028458540002578806,False,True,True,True
4793,2210500019,2015-03-24,2935312.5,122.63201280000001,973973.2777251303,1961339.2222748697,3.1964917167851428,0.0001670110607790761,0.00028445507656250755,True,False,True,True
14192,6821600145,2014-11-10,2092136.0000000002,112.4126784,900412.8452644721,1191723.1547355282,1.9424865223284913,0.0004513685060236975,0.00028398284273131806,False,False,True,True
1074,7855300200,2015-03-19,4055768.5000000005,248.9801472,2179986.5518314987,1875781.9481685017,3.0570780059121274,0.0001821982541790057,0.0002838475414019076,True,False,True,True
6429,4053200285,2014-08-11,1651477.4999999998,316.7993664,2530383.461646259,-878905.9616462591,-1.4328688848259055,0.0008260131519684244,0.00028288342203223316,False,True,True,True
21073,2163900081,2015-02-20,3099708.0,184.87704960000002,1541576.9765208513,1558131.0234791487,2.539485130349253,0.00026291336214060053,0.000282661691708818,False,False,True,True
17709,7937900040,2014-12-19,1676563.8,337.2380352,2697458.0054044947,-1020894.2054044947,-1.6641699591816215,0.0006092545560915513,0.00028138929271479164,False,True,True,True
13070,7856410411,2014-09-22,4055250.43,358.6057344,3099395.624963701,955854.8050362994,1.5582148724615712,0.0006942943895358704,0.00028115688869723713,False,True,True,True
4764,9201300050,2014-08-14,4200055.0,260.128512,2196587.540507242,2003467.459492758,3.2651356478507414,0.00015810348211279385,0.000280970879222873,True,False,True,True
18429,4139900120,2014-06-05,3211342.5,433.85719680000005,3919805.7640704885,-708463.2640704885,-1.1552501823006345,0.001261522136045707,0.0002809596379321409,False,True,True,True
20246,5317100294,2014-11-13,3429142.4999999995,290.7865152,2487374.242213756,941768.2577862437,1.5352666654636518,0.0007143329469351408,0.0002808195981282792,False,True,True,True
17139,1370803180,2014-08-08,4082313.6,300.07681920000005,2504878.4328595027,1577435.1671404974,2.5709371311427285,0.0002548035584516188,0.0002807681404792689,False,False,True,True
13118,7701930180,2014-11-10,1523400.0,399.48307200000005,2831555.904532589,-1308155.904532589,-2.1321825299498247,0.00036960621899702686,0.00028015432312361046,False,False,True,True
7137,0868002335,2015-03-04,4261972.0,251.76723840000002,2272329.13691435,1989642.86308565,3.242607280566152,0.00015943685158751643,0.0002794444022458661,True,False,True,True
21488,0098300230,2015-04-28,4222783.7,429.2120448,3016945.955034636,1205837.7449653642,1.9654756670616118,0.00043369705136532674,0.00027935661217499275,False,False,True,True
2076,2489200070,2014-07-20,1716283.5000000002,223.89632640000002,2483560.6309538856,-767277.1309538854,-1.2510317195866423,0.0010653732234772485,0.0002781955006654828,False,True,True,True
2308,3145600045,2015-02-25,865109.2,246.193056,2198522.7377370894,-1333413.5377370894,-2.1733321141439412,0.00035286084225271894,0.00027788025155806506,False,False,True,True
3727,9558040820,2014-07-09,1261923.0,371.61216,2637634.1214303225,-1375711.1214303225,-2.242248996124552,0.0003314667835809665,0.0002778436133124731,False,False,True,True
2077,3623500260,2014-05-12,2659680.0,144.9287424,992306.8656063601,1667373.1343936399,2.7174791941072893,0.00022483140066956934,0.00027678071383179984,False,False,True,True
9370,3307700150,2015-04-13,2946045.0,159.7932288,1169399.333490342,1776645.666509658,2.8955323886438253,0.000198026830934556,0.00027676785755469807,False,False,True,True
19753,7853280350,2014-05-12,1793067.6,430.14107520000005,2755475.317979537,-962407.7179795369,-1.5688813796970131,0.0006740176558477649,0.00027668974344312184,False,True,True,True
8452,0121039042,2015-03-13,1371220.0,335.37997440000004,2317362.6920772046,-946142.6920772046,-1.5423831925613698,0.0006953403347771392,0.00027588801062010013,False,True,True,True
15373,7936500221,2015-01-14,1725407.5999999999,93.8320704,361187.1492222026,1364220.4507777973,2.2235236338745734,0.00033424829675770705,0.00027551588212153163,False,False,True,True
4300,1794501390,2015-05-01,3562384.0,235.9737216,2126752.501946263,1435631.498053737,2.3398775511183665,0.00030183021310576166,0.000275504580998783,False,False,True,True
6135,0923000280,2014-07-22,1546817.0999999999,239.6898432,2691449.4147625715,-1144632.3147625716,-1.8657507823515334,0.0004743526649251765,0.0002753362650180827,False,False,True,True
8542,8964800755,2015-01-16,4164687.0,301.00584960000003,2515770.4792312905,1648916.5207687095,2.6874038196606893,0.00022866554598008652,0.00027530535682895727,False,False,True,True
20170,0250000010,2014-09-24,4212250.0,357.21218880000004,2718961.76144433,1493288.2385556698,2.4338217425473494,0.00027867068760525394,0.00027519378018586905,False,False,True,True
16933,5016002275,2014-06-02,1381039.9999999998,370.68312960000003,2474451.758827381,-1093411.758827381,-1.7822998941969297,0.000517672165995119,0.00027421424202762955,False,False,True,True
12153,5457801925,2015-04-11,2725446.0,222.967296,1935377.3820055798,790068.6179944202,1.2881441517849015,0.0009898673330091517,0.00027402158932727226,False,True,True,True
16429,8724300010,2014-09-09,1250152.4,317.72839680000004,2688867.89025674,-1438715.4902567402,-2.3449002960995937,0.0002986507988039268,0.00027377318914420496,False,False,True,True
10991,1222069129,2015-03-27,3629137.5000000005,361.39282560000004,2207443.8576849326,1421693.6423150678,2.317165215398336,0.0003056354745926658,0.00027358940007867795,False,False,True,True
12231,1473060030,2014-07-09,1162297.5,340.9541568,2390201.3757375404,-1227903.8757375404,-2.0014182157596863,0.00040920980115149476,0.0002733054090554939,False,False,True,True
11909,3221059036,2014-05-02,888840.0000000001,337.2380352,2011841.64919471,-1123001.64919471,-1.8305063223161384,0.0004891250138132283,0.0002732898897748563,False,False,True,True
7162,3450300280,2015-02-25,1317716.0,287.99942400000003,2111487.896798894,-793771.8967988938,-1.2941742889564298,0.0009778794216022488,0.0002732401324042709,False,True,True,True
6306,9822700255,2014-05-05,1493162.0,156.0771072,2306545.2232194245,-813383.2232194245,-1.326117522826731,0.0009307422852860717,0.00027305279515024467,False,True,True,True
18914,2425049066,2014-06-16,4284096.0,285.2123328,2521206.493663937,1762889.5063360631,2.8731134411117005,0.00019837208315063052,0.0002729738290993085,False,False,True,True
5310,1862000010,2014-08-28,2058658.4999999998,315.870336,3067405.4633343145,-1008746.9633343148,-1.6443651494749103,0.0006050394761512659,0.00027282981808097285,False,True,True,True
10032,6738700075,2014-06-26,1667719.5,267.5607552,2703928.0052518323,-1036208.5052518323,-1.6891030151457083,0.0005726429539580843,0.0002724543286493153,False,True,True,True
13972,9324800220,2014-09-17,1403040.0,192.3092928,2440359.113803938,-1037319.113803938,-1.690911664761992,0.000570596182430376,0.0002720616508899729,False,True,True,True
15806,7363600185,2015-03-30,3871368.75,265.70269440000004,2574853.865956545,1296514.8840434551,2.113204011250339,0.0003652084930405551,0.0002719137116186092,False,False,True,True
4924,9809000020,2014-05-13,4188139.5000000005,289.8574848,2370396.3162468225,1817743.183753178,2.962493941894929,0.0001857787860609205,0.0002717943987526107,False,False,True,True
15057,2469000010,2015-03-23,3437580.0,195.096384,1877500.2496520504,1560079.7503479496,2.542646700845805,0.00025149628768142765,0.0002710576098767944,False,False,True,True
6277,7292700005,2014-10-14,1163563.5,299.1477888,2307489.4733347297,-1143925.9733347297,-1.8645926107760507,0.0004670247897095789,0.00027074439495499244,False,False,True,True
11365,7701960990,2014-08-19,1965069.0000000002,296.36069760000004,2958186.1408021003,-993117.1408021001,-1.618898069184999,0.000618864680374932,0.00027049068269550735,False,True,True,True
4842,2804600010,2015-03-31,3047600.0,157.935168,1800806.9790409282,1246793.0209590718,2.03218961373941,0.00039257709354393244,0.0002703165819786152,False,False,True,True
4601,3592500866,2015-04-02,3799509.8,292.64457600000003,2466303.0514958873,1333206.7485041125,2.1729847491571395,0.0003433666349041695,0.00027031450242601693,False,False,True,True
11876,3931900510,2014-08-29,3135439.9999999995,378.11537280000005,2257908.8003192395,877531.19968076,1.4306026775777676,0.0007911601227725863,0.0002700815630620921,False,True,True,True
15766,4219401236,2014-05-20,3744363.9999999995,315.870336,2555871.0093407556,1188492.990659244,1.9372010946763467,0.00043039869616187144,0.0002693122251604032,False,False,True,True
11731,2303900045,2014-06-23,3506810.0,424.5668928,4210936.894071989,-704126.8940719888,-1.1481567791809824,0.0012226655688303977,0.0002689615150984413,False,True,True,True
3670,0293700110,2014-09-26,1884025.0,361.39282560000004,2973391.547874473,-1089366.547874473,-1.7757004313350235,0.0005113390832741788,0.00026885571155144285,False,False,True,True
13008,0619079096,2015-04-06,2319450.0,218.322144,1345067.155763328,974382.8442366719,1.5883734167025054,0.0006370612257019515,0.0002680475875250142,False,True,True,True
17326,9809000010,2015-01-06,4402046.7,287.07039360000005,2421742.171618186,1980304.5283818142,3.227379795946673,0.00015423501735744704,0.00026779278796834995,True,False,True,True
20815,9301300270,2015-02-23,3817457.5,295.4316672,2750398.237529941,1067059.262470059,1.739354458354337,0.0005292412314035445,0.0002669983132320538,False,False,True,True
4460,6848200018,2014-05-28,1882020.0,282.4252416,2873761.710261151,-991741.7102611512,-1.6166505463285938,0.0006121773773096837,0.00026682362460274985,False,True,True,True
11952,6383500295,2014-08-15,2042100.0,366.967008,3255523.4679768234,-1213423.4679768234,-1.9778151072527275,0.0004083894460249586,0.00026636185881842545,False,False,True,True
2300,6345000160,2014-08-27,2033190.0,404.12822400000005,3244734.0594586655,-1211544.0594586655,-1.9747522635193802,0.0004088867742438329,0.00026586102022269537,False,False,True,True
2086,5317100570,2014-12-15,3339625.0,192.3092928,2249683.1391802207,1089941.8608197793,1.7766317479034788,0.0005040695450025815,0.0002653096309320381,False,False,True,True
4870,6896300380,2014-10-02,565098.0,36.2321856,-459074.8866265565,1024172.8866265565,1.6694819121432378,0.0005701539854979735,0.0002650037597953054,False,True,True,True
13966,1266200120,2015-03-21,2334456.0,127.27716480000001,724754.7834651098,1609701.2165348902,2.6234933756997116,0.00023068615052194812,0.0002646856598889869,False,False,True,True
20259,8924100372,2015-04-23,3916936.8,333.5219136,2414869.426076032,1502067.3739239676,2.4481133721641064,0.0002648178639765679,0.00026459041303633206,False,False,True,True
18071,1561600056,2014-10-17,4246759.5,372.5411904,2775690.1850429922,1471069.3149570078,2.3976053208532835,0.00027606984827935896,0.00026457147944261924,False,False,True,True
5595,2726049071,2015-04-08,1510711.83,76.18049280000001,305144.4301027134,1205567.3998972867,1.9650124835176026,0.0004107756938675419,0.00026446155627350324,False,False,True,True
491,5423010350,2015-02-10,3593600.0,315.870336,2025694.267614141,1567905.732385859,2.5553906835377753,0.00024293071413376138,0.000264454710398319,False,False,True,True
9218,1825079018,2014-11-20,865300.0,315.870336,1739751.4041816816,-874451.4041816816,-1.425572465385512,0.0007780536623811056,0.0002637393514023779,False,True,True,True
13437,7937900220,2014-10-09,1713438.1,337.2380352,2703583.8373130932,-990145.7373130932,-1.6140429616114629,0.000604785205465995,0.0002627500596615042,False,True,True,True
3380,3629921240,2014-07-28,2163294.0,361.39282560000004,3088745.955055058,-925451.955055058,-1.5086510551119954,0.0006920214803942323,0.0002626918334237044,False,True,True,True
10837,0217500140,2014-05-13,1025486.4,315.870336,2402361.4217044413,-1376875.0217044414,-2.2441249964071197,0.0003127380429425973,0.00026257863827820093,False,False,True,True
10362,1180000885,2014-10-30,821251.9500000001,285.2123328,2207366.720973417,-1386114.770973417,-2.2591797660688684,0.0003084855445074121,0.0002624938551706719,False,False,True,True
11055,1180002470,2014-11-04,891903.0,280.5671808,1856146.7534806505,-964243.7534806505,-1.5718443308422245,0.0006357621304851173,0.0002619622228157029,False,True,True,True
5788,2944000170,2014-06-11,2253007.0,349.3154304,3230582.467406608,-977575.4674066082,-1.5935616148356246,0.0006167403070161566,0.0002611901121897557,False,True,True,True
17247,1235100328,2015-02-25,4165128.4,378.11537280000005,2905365.6268939525,1259762.7731060474,2.0533075889591914,0.0003712955277284935,0.0002609983572823136,False,False,True,True
17692,0856001130,2015-02-23,3929820.4,330.73482240000004,2681725.085513212,1248095.3144867881,2.0342961871539145,0.00037677597106872303,0.000259970446578803,False,False,True,True
11765,8127700132,2015-03-26,3945651.45,295.4316672,2549611.504187748,1396039.9458122524,2.2753473895598044,0.00030051533981334793,0.00025938290574111677,False,False,True,True
2384,7129300400,2014-08-14,908120.0000000001,218.322144,2065821.8157739267,-1157701.8157739267,-1.8870180761228597,0.00043622118678239563,0.00025899842024477526,False,False,True,True
7498,1722069052,2014-10-24,1401482.5,401.3411328,2274360.1819620505,-872877.6819620505,-1.4229972295336515,0.000764460958022524,0.000258192901007799,False,True,True,True
12019,0424069271,2014-10-24,2321748.0,473.80550400000004,3310631.9941691905,-988883.9941691905,-1.6119781345656425,0.000594801759570638,0.00025774941209642165,False,True,True,True
1664,1925069121,2015-03-30,3129696.0,160.72225920000002,1279041.7393988818,1850654.2606011182,3.0161068638807125,0.00016960581324509255,0.0002571914922899318,True,False,True,True
9712,1250201610,2015-04-17,3726367.9999999995,281.4962112,2887493.6367983,838874.3632016997,1.3676020222749488,0.000820355938669793,0.00025593340040937934,False,True,True,True
9296,1257201095,2015-03-23,2626680.0,98.4772224,1318578.4843702689,1308101.5156297311,2.132059450682819,0.00033732048941293846,0.0002556445940651956,False,False,True,True
589,7504010570,2014-07-08,1993499.9999999998,295.4316672,2951301.0783863068,-957801.078386307,-1.561336353475081,0.0006286338939529214,0.0002555715955473974,False,True,True,True
17232,2470200020,2014-05-14,4160251.9999999995,302.8639104,2763819.648611732,1396432.3513882677,2.2759815928737717,0.0002958047629174306,0.000255458223825156,False,False,True,True
11857,1118001360,2015-02-18,4193425.0,363.2508864,2892557.7748596594,1300867.2251403406,2.1202714456159533,0.0003402256318717177,0.0002550037055700763,False,False,True,True
17242,1338800280,2014-09-29,3572855.4,246.193056,2577189.1828021407,995666.2171978592,1.6230220234024633,0.0005802677229096659,0.0002549048329002921,False,True,True,True
2463,2175100055,2014-12-30,4515540.0,458.0119872,3654728.1349408403,860811.8650591597,1.4033313387390993,0.0007705086425120475,0.0002530937777929969,False,True,True,True
18850,7631800110,2014-09-18,899384.0,183.9480192,1849312.916664876,-949928.916664876,-1.5485064796827923,0.0006321718366181089,0.00025280437363940547,False,True,True,True
16220,9522300010,2015-03-31,4779920.0,423.6378624,3912354.117943175,867565.8820568249,1.414332484546952,0.0007570371803071367,0.0002525793803806516,False,True,True,True
3761,0561000300,2014-06-23,765949.45,181.160928,1602801.1009252071,-836851.6509252072,-1.3642990641308537,0.0008124958735672566,0.0002522563351875866,False,True,True,True
7732,2600010220,2015-03-26,3989375.0,375.3282816,2847517.7350477576,1141857.2649522424,1.8611921503850173,0.0004364370736435175,0.00025208232326110353,False,False,True,True
14571,9550200155,2015-04-07,2770814.32,130.064256,1518258.086815767,1252556.2331842328,2.0415526763518885,0.0003626216332727125,0.0002519887502553152,False,False,True,True
1984,7298020240,2014-05-09,893227.9999999999,241.54790400000002,1875600.6082168594,-982372.6082168595,-1.6013582349838686,0.0005876866503375933,0.00025131989769010965,False,True,True,True
15714,3089000005,2014-07-24,333060.0,78.967584,-548738.5901116133,881798.5901116133,1.4375143076929793,0.0007281566864170731,0.0002509656557181443,False,True,True,True
1698,9485950060,2014-12-08,1140612.0,342.8122176,2033549.1198593825,-892937.1198593825,-1.4556581777469808,0.0007086057508763864,0.00025042638480263766,False,True,True,True
3720,9294300600,2015-04-15,3804444.0,279.63815040000003,2284616.8678573146,1519827.1321426854,2.477033066071121,0.00024408886655296128,0.0002496699922671009,False,False,True,True
2090,4139420070,2014-09-10,2744556.5,481.23774720000006,3621457.08675237,-876900.58675237,-1.4295319906123884,0.0007315716630904813,0.0002493510582368076,False,True,True,True
10618,1786700240,2014-10-24,1170796.0,404.12822400000005,2055723.5424998477,-884927.5424998477,-1.4426071465219232,0.0007170715983205213,0.0002488965985566742,False,True,True,True
19338,6021500970,2015-04-07,2732556.345,100.3352832,1084550.5388828814,1648005.8061171188,2.685889669183692,0.00020642989390731378,0.0002482489024892992,False,False,True,True
16112,4309700130,2014-06-04,1960971.9999999998,438.50234880000005,3015710.3999742046,-1054738.3999742048,-1.7192488838694786,0.0005036434467668056,0.0002482379773025158,False,False,True,True
19093,2623069010,2015-01-16,1951378.5,438.50234880000005,2890999.4414477497,-939620.9414477497,-1.531704389292091,0.000633785777610427,0.00024797990514698265,False,True,True,True
4252,6905200215,2015-03-31,3243288.0,178.37383680000002,2059039.0554218069,1184248.9445781931,1.9302519599580947,0.00039778326154304956,0.0002471132585890714,False,False,True,True
9545,2122059199,2014-10-02,1214465.0,416.2056192,1855240.2587297559,-640775.2587297559,-1.0449234159742986,0.0013535825514347302,0.0002466554248819249,False,True,True,True
19772,2619950060,2014-09-09,1060804.5,298.2187584,2025688.7952019498,-964884.2952019498,-1.5728586592628957,0.0005978435660230381,0.00024664676433407644,False,True,True,True
8864,2524049257,2014-09-18,3621204.0,394.83792000000005,2666957.5993880704,954246.4006119296,1.555527168208772,0.0006098572230934984,0.000246091753847117,False,True,True,True
11075,5154700060,2014-10-15,4041319.2,327.01870080000003,2570242.33330331,1471076.8666966902,2.397593870891614,0.00025625695470424606,0.00024557658463423133,False,False,True,True
10002,7818900060,2014-07-08,1015355.9999999999,177.4448064,2123732.7856181487,-1108376.7856181487,-1.8066331364884585,0.00045097216107531195,0.0002454337737345687,False,False,True,True
3126,4109600195,2014-07-18,1171768.8,214.6060224,2143719.696679525,-971950.896679525,-1.5843673768284448,0.0005845273809063009,0.00024469174789142317,False,True,True,True
12909,2113700360,2014-06-27,692212.4999999999,289.8574848,1557242.3902735487,-865029.8902735488,-1.4101830416828363,0.0007355081545895948,0.00024395333626420028,False,True,True,True
20826,0191100435,2014-09-26,3889600.0,331.66385280000003,2523312.747888066,1366287.2521119341,2.2268485742891464,0.00029500387594686176,0.00024388550037403637,False,False,True,True
1765,1832100030,2014-06-25,1317223.2952,331.66385280000003,2556974.7457262725,-1239751.4505262724,-2.0206775912785275,0.0003582142234343558,0.00024386036792171164,False,False,True,True
240,0326069104,2014-07-01,1764320.0,355.8186432,3049142.5744181797,-1284822.5744181797,-2.094112202122392,0.00033238167900803695,0.00024301333034834022,False,False,True,True
20342,6389970010,2015-03-23,4324800.0,382.76052480000004,3233264.3432737887,1091535.6567262113,1.7791907199471448,0.00046030262787786526,0.00024296133553113403,False,False,True,True
8229,7504101280,2015-01-26,1876822.48,402.2701632,3128136.26342912,-1251313.7834291202,-2.0395149206838434,0.0003501960569357362,0.00024286553582987826,False,False,True,True
13961,9818700455,2014-08-26,1178346.4,215.53505280000002,2222757.499510944,-1044411.099510944,-1.7024137863010584,0.0005020580599657031,0.00024263365708707265,False,False,True,True
16691,5418650080,2014-08-14,2043270.0000000002,342.8122176,3001076.502727546,-957806.5027275456,-1.5613201782016832,0.0005966070152708235,0.00024253824505357264,False,True,True,True
6742,3391500050,2014-07-03,4177687.5,365.10894720000005,2776952.649646409,1400734.8503535911,2.282973831119356,0.00027810566199417026,0.00024164690868458004,False,False,True,True
8040,1826049362,2014-06-11,1148810.5,313.08324480000005,2149964.8051147535,-1001154.3051147535,-1.6319362678305676,0.0005413014358192671,0.00024039723321660214,False,False,True,True
19988,9551201240,2014-10-30,3533433.5,260.128512,1944386.5383527204,1589046.9616472796,2.5898106616724577,0.00021495152114407723,0.0002403359085930924,False,False,True,True
11911,1924059319,2015-03-20,4176082.4000000004,376.257312,3021663.1181636527,1154419.2818363477,1.8816398176405307,0.00040665338806273807,0.00024006164469484928,False,False,True,True
14072,2902200874,2015-04-10,2833232.0,207.1737792,1901898.9304912686,931333.0695087314,1.518186392831764,0.0006236657994260859,0.0002397296806451958,False,True,True,True
7478,1337801060,2015-03-05,3067927.5,190.451232,1869693.0831344426,1198234.4168655574,1.9530268624309917,0.0003767517927163399,0.00023959853740661692,False,False,True,True
18054,1352300580,2014-11-14,645559.2,42.7353984,-350018.3989007324,995577.5989007324,1.6228482025978546,0.000544098543652943,0.00023895629396815417,False,False,True,True
1796,6819100310,2015-04-14,2933600.0,224.8253568,1938214.4888357595,995385.5111642405,1.6225344797624355,0.0005433484198799554,0.00023853442487607125,False,False,True,True
16361,2579500101,2015-04-21,4226605.1,372.5411904,3155027.9607370645,1071577.1392629351,1.7466655148449381,0.00046825882574226194,0.00023820870215160715,False,False,True,True
8765,8562970040,2014-05-16,1448205.0,342.8122176,2794381.0658611506,-1346176.0658611506,-2.1940721751908834,0.00029673145250992683,0.00023814586202365232,False,False,True,True
18872,1137800230,2014-05-14,995804.9999999999,270.34784640000004,1961584.6129189506,-965779.6129189507,-1.5742982740190432,0.0005726493184270987,0.0002366793163086646,False,True,True,True
19963,5078400215,2014-07-30,3804766.5,366.03797760000003,2896655.23297552,908111.2670244798,1.4803495443346717,0.000647320028477328,0.00023657974612986506,False,True,True,True
7233,6448000020,2015-01-29,3868040.0,224.8253568,2084833.8802882433,1783206.1197117567,2.906180592052439,0.0001678499466991599,0.00023631324073664488,False,False,True,True
21165,1099950050,2014-12-29,1660546.0,360.46379520000005,2925844.726834424,-1265298.7268344238,-2.062291376889992,0.00033314594188824445,0.00023622618501949164,False,False,True,True
13760,3220200040,2014-06-16,3821101.25,273.1349376,2600127.274786882,1220973.975213118,1.9900708863399108,0.00035701226934050983,0.00023573499572507678,False,False,True,True
16672,0629400480,2014-06-19,1746385.0,279.63815040000003,2691678.533720441,-945293.5337204412,-1.5409215291669418,0.0005949714457983962,0.00023559408832542203,False,True,True,True
19262,3276940100,2014-05-22,2213100.0,395.76695040000004,3233234.9826583266,-1020134.9826583266,-1.6628501038777113,0.0005103995092800551,0.0002353352166415364,False,False,True,True
13955,1829300210,2014-05-06,1701606.06,360.46379520000005,2860914.388212852,-1159308.3282128521,-1.8895978883625306,0.00039522121156716165,0.0002352878281772462,False,False,True,True
15245,7228500415,2014-08-26,1091904.0,234.11566080000003,2266997.9424434975,-1175093.9424434975,-1.9153172216429324,0.00038457342177201665,0.00023522121753782134,False,False,True,True
5395,5467910020,2014-05-16,939674.9999999999,248.05111680000002,1988715.766632475,-1049040.766632475,-1.7099432940346564,0.0004822371950763474,0.00023511609193996392,False,False,True,True
16772,1115750190,2014-07-17,1725031.0,341.8831872,2905137.0202029124,-1180106.0202029124,-1.923482972566149,0.00038086343281982377,0.00023494172749423885,False,False,True,True
2409,3888100128,2014-07-28,2160914.3766,382.76052480000004,3262130.50798966,-1101216.1313896598,-1.7949489350975147,0.0004370829151984258,0.000234804621360194,False,False,True,True
18377,8712100790,2014-07-01,2100643.5,236.90275200000002,2848406.6571460143,-747763.1571460143,-1.2191412559095451,0.0009452879079251825,0.0002343859828792031,False,True,True,True
6893,3885803895,2015-03-09,2366673.4,126.3481344,962383.1759802699,1404290.22401973,2.2887570151659555,0.00026805360297038616,0.0002340918023216009,False,False,True,True
13631,2023049218,2015-03-16,1435436.5,86.3998272,163087.49471540004,1272349.0052846,2.0737755039127506,0.0003263819223014511,0.00023401305963690534,False,False,True,True
19888,7853280550,2014-05-28,1568350.0,417.13464960000005,2608217.99577415,-1039867.9957741499,-1.6949962854016176,0.00048774217001009714,0.00023366218458634525,False,False,True,True
15040,1370800680,2015-03-24,4054644.9999999995,320.515488,2907272.5304195657,1147372.4695804338,1.8701481108880227,0.00040046272483899956,0.00023352684237599078,False,False,True,True
1662,9126101740,2014-12-04,1264053.0,260.128512,1894980.5183643028,-630927.5183643028,-1.02884692414996,0.0013193971471015895,0.0002330768835979773,False,True,True,True
20372,6430500182,2015-04-03,3794786.0,309.36712320000004,2261410.3134358823,1533375.6865641177,2.499089377843322,0.00022385443497384763,0.00023306403411303225,False,False,True,True
3689,0809002680,2014-10-14,3454703.9999999995,223.89632640000002,2185740.8368103504,1268963.163189649,2.0682573819928796,0.00032676139347438427,0.00023304006302687572,False,False,True,True
13629,5469502380,2014-06-09,1340048.32,346.5283392,2512933.6073649675,-1172885.2873649674,-1.9117145280459185,0.00038170037057078804,0.00023258580965836775,False,False,True,True
1708,1336300445,2015-04-22,3818529.0,290.7865152,2937528.0663300604,881000.9336699396,1.436175490804304,0.0006746197626958574,0.00023206834952527476,False,True,True,True
10071,1157200189,2014-05-14,787792.3999999999,195.096384,1731051.364402309,-943258.9644023092,-1.5375991675600154,0.0005874143964720024,0.00023159799320007933,False,True,True,True
17846,9528105305,2015-01-21,3570600.0,290.7865152,2157777.6388441995,1412822.3611558005,2.3026555868071954,0.00026164731225895507,0.00023127923557642364,False,False,True,True
11078,4053200566,2014-10-20,1043545.0,341.8831872,2073770.0098660663,-1030225.0098660663,-1.6792804929744962,0.0004905762890703505,0.00023068263120717503,False,False,True,True
5682,6645900010,2014-11-20,3741150.0,281.4962112,2062729.0164332911,1678420.9835667089,2.7354297635337903,0.00018449653454211817,0.00023012734766970664,False,False,True,True
13783,1774200230,2015-01-20,1535449.5,359.5347648,2541274.9424528033,-1005825.4424528033,-1.6395274681286094,0.0005132485703636148,0.0002300577406669946,False,False,True,True
19766,7430200060,2015-04-24,4708633.5,521.1860544,3887981.286874272,820652.2131257281,1.3378599004969194,0.0007682653223763103,0.00022935860349230147,False,True,True,True
9838,4094800260,2014-11-26,4342819.0,412.48949760000005,3245981.704990804,1096837.2950091958,1.7878048999857814,0.00042963069390355296,0.00022896596108991268,False,False,True,True
19353,2525049113,2014-07-25,4347135.0,377.65085760000005,3006046.9124790877,1341088.0875209123,2.1857688686801526,0.00028700032914832224,0.000228593710571321,False,False,True,True
4222,3342104046,2014-07-08,3477550.0,268.4897856,2288839.8821402416,1188710.1178597584,1.9374913318725333,0.00036469928357787777,0.00022825568970965906,False,False,True,True
6615,3303870050,2015-03-03,1583279.5,407.47273344,2577097.5092018396,-993818.0092018396,-1.6199607911010083,0.0005204316444012112,0.0002277443077410572,False,False,True,True
19304,3756900027,2014-11-25,1451127.5,356.74767360000004,2271937.894206062,-820810.394206062,-1.3381122904625782,0.0007600762847124708,0.00022699760426345684,False,True,True,True
17388,7525900050,2014-12-05,2019264.0,204.94410624000002,922912.0470464453,1096351.9529535547,1.7870106114714455,0.00042605237862602605,0.00022685642214076307,False,False,True,True
11699,6899990200,2014-07-02,1593648.0,329.805792,2897436.5679482818,-1303788.5679482818,-2.124990427827515,0.00030025053236885924,0.00022603563324315418,False,False,True,True
761,0770000045,2014-10-24,1006090.8,262.9156032,2115943.621245444,-1109852.8212454438,-1.8090056628565823,0.0004140801160385267,0.00022593985653361864,False,False,True,True
5724,1526079026,2014-08-13,1106235.0,327.9477312,1900523.6884014755,-794288.6884014755,-1.2949065142748513,0.0008075905511857467,0.00022587474945550846,False,True,True,True
21353,3421069049,2014-10-21,1401030.4999999998,104.9804352,375278.0541752577,1025752.4458247421,1.6719838975017072,0.00048309603205210633,0.00022519371096158875,False,False,True,True
19299,0856000985,2014-11-06,3623501.0000000005,270.34784640000004,2394310.4015866145,1229190.598413386,2.0034411379969033,0.0003349990338865419,0.00022417696807301536,False,False,True,True
3923,7237500110,2015-04-04,3804233.6,394.83792000000005,2761958.3448296785,1042275.2551703216,1.698901411167448,0.0004656990690280194,0.00022412627396940971,False,False,True,True
18289,1524079188,2014-07-29,4148163.5999999996,486.81192960000004,3417490.4906630144,730673.1093369853,1.191277295237763,0.0009442541831191666,0.00022354948532224905,False,True,True,True
9325,3536900110,2014-10-09,3258282.5,214.6060224,2226809.126430221,1031473.3735697791,1.6813012468248982,0.0004738169317958169,0.0002233347077530269,False,False,True,True
14677,2051200506,2015-04-13,1209429.0,110.5546176,118876.73701200634,1090552.2629879937,1.7775553890687903,0.00042385298020612694,0.00022330291451322487,False,False,True,True
20984,0745530040,2014-09-11,1935533.5999999999,413.41852800000004,2716303.350392863,-780769.7503928633,-1.272878314330205,0.0008254011186249674,0.0002230725814665897,False,True,True,True
3128,1926069137,2014-07-07,1720577.5,380.902464,2883231.123474136,-1162653.623474136,-1.8950288567782851,0.00037238365661133865,0.00022296298566302938,False,False,True,True
18793,1925069066,2014-06-23,3773150.0,261.05754240000005,2541922.571379788,1231227.4286202118,2.0067574662234318,0.0003315380980465221,0.00022259529237379094,False,False,True,True
12367,5451300117,2015-04-22,4678830.0,490.52805120000005,3824570.7199674323,854259.2800325677,1.392591108550096,0.0006873688684541652,0.00022232303747907198,False,True,True,True
13699,3343301490,2014-09-09,1867244.0499999998,445.0055616,2751677.899927847,-884433.8499278473,-1.441747646624019,0.0006412676826851134,0.00022230293372146174,False,True,True,True
19991,1725059330,2015-03-27,3548490.0000000005,238.76081280000002,1870071.771087125,1678418.2289128755,2.7354158288089763,0.00017759187069474672,0.00022151119345882462,False,False,True,True
8532,8005100540,2014-07-09,475988.50000000006,172.7996544,1287726.7641948834,-811738.2641948834,-1.3233199590697255,0.0007560824422044726,0.0002208391743931339,False,True,True,True
15519,7701960250,2014-08-11,2027330.9999999998,299.1477888,2960036.3156174347,-932705.3156174349,-1.5203809046109136,0.0005679024925435879,0.0002189142559298828,False,True,True,True
9001,1556200265,2014-07-23,1226660.5,250.838208,2345721.2975723147,-1119060.7975723147,-1.8239963960156544,0.0003945523003036173,0.00021886316072165234,False,False,True,True
67,3253500160,2014-11-20,808355.625,257.34142080000004,1918165.3687860146,-1109809.7437860146,-1.8089233642732818,0.0004007246871193871,0.00021862974684128315,False,False,True,True
1586,8964800370,2014-10-22,3407387.5,171.87062400000002,1559479.4838245586,1847908.0161754414,3.0115927092129873,0.000144069848060075,0.00021780953867843187,True,False,True,True
272,4054500390,2014-10-07,3281187.0,493.3151424,4075408.986988634,-794221.9869886339,-1.2947789794758506,0.0007785843339956182,0.00021771279701945863,False,True,True,True
4080,3262300940,2015-02-10,2639050.0,113.3417088,942757.8504030779,1696292.149596922,2.764536400805314,0.0001706506263269049,0.0002174079297529003,False,False,True,True
8604,6899990230,2014-07-01,1323240.0,233.1866304,2417066.973793216,-1093826.973793216,-1.7828807675775247,0.0004100994829347622,0.00021735053428834018,False,False,True,True
8369,2212600100,2014-05-22,818847.0,292.64457600000003,2051506.6758692414,-1232659.6758692414,-2.0090830242135347,0.0003227425574227061,0.0002171905583422352,False,False,True,True
8420,1924059254,2015-05-08,3880597.0,324.2316096,2848232.461030446,1032364.538969554,1.6827402569104581,0.00045767323063453623,0.00021609127931352233,False,False,True,True
4928,7701960130,2014-10-17,2007114.0000000002,276.8510592,2870931.9656201005,-863817.9656201003,-1.4081483758136422,0.0006518119918068593,0.00021555152691382648,False,True,True,True
12289,1651800030,2014-08-29,3695339.9999999995,271.2768768,2902024.610551536,793315.3894484635,1.2932967185321411,0.0007719677671556057,0.0002153672481216397,False,True,True,True
18404,6329000385,2014-06-18,1859055.0,353.9605824,2835490.6643552706,-976435.6643552706,-1.5916182095175246,0.0005094991204311408,0.000215224305803438,False,False,True,True
6388,8850000285,2014-06-12,780710.0,213.676992,1869791.733347036,-1089081.733347036,-1.7751454038544578,0.0004091197513379861,0.00021495362613226142,False,False,True,True
14108,4008400035,2014-10-15,1458960.0,409.70240640000003,2460447.049957037,-1001487.049957037,-1.632430995430446,0.00048293500606409745,0.0002145936603467331,False,False,True,True
20298,0521049227,2014-12-01,2434280.0,523.5086304,3132970.221101016,-698690.2211010158,-1.1391596851791888,0.00099119027601699,0.00021458812158201815,False,True,True,True
16935,6448000010,2015-04-28,4017288.4,273.1349376,2254518.458889745,1762769.9411102547,2.8728575902086186,0.00015592304335617464,0.00021451366884910495,False,False,True,True
575,1189000030,2014-06-03,1472510.0,236.90275200000002,2377840.782114826,-905330.7821148261,-1.475774564207807,0.0005898987579860604,0.00021425084245958135,False,True,True,True
7343,0526069024,2014-05-12,2105580.0,420.85077120000005,2911818.856225528,-806238.8562255278,-1.3143462146247928,0.0007432410961454722,0.00021415140481680824,False,True,True,True
17780,1872900065,2015-04-10,3726316.0,176.51577600000002,1574068.2745916247,2152247.7254083753,3.5075146213026853,0.00010421669789588417,0.00021371268533363112,True,False,True,True
211,6300000550,2014-07-17,1039499.2,213.676992,1961640.623873897,-922141.423873897,-1.503159695350036,0.0005662285079359175,0.00021335199342219978,False,True,True,True
8339,2770604925,2014-07-15,2885350.0,155.1480768,1766069.0502701849,1119280.9497298151,1.8243459628516099,0.0003843971595593582,0.00021330954681861433,False,False,True,True
10429,0742000060,2014-12-30,3187440.0,230.39953920000002,1616495.9224062338,1570944.0775937662,2.5602814494550064,0.00019516276094026438,0.0002132582732793307,False,False,True,True
11913,9828700685,2015-05-13,2709270.0,143.0706816,1562749.9648709968,1146520.0351290032,1.8687265533656827,0.0003660777629563815,0.00021314376183924675,False,False,True,True
1473,5452800310,2015-04-20,4046814.4,310.2961536,2433204.026634559,1613610.3733654409,2.629804244364062,0.0001848518731966814,0.000213107991996644,False,False,True,True
16195,1725059136,2014-11-21,4608466.5,418.9927104,3848765.289966814,759701.2100331858,1.2385348165454328,0.0008322701154485012,0.00021295659303506725,False,True,True,True
11109,3995700435,2014-07-02,586551.0,180.23189760000002,1622120.2892151922,-1035569.2892151922,-1.687955369156279,0.00044750297653342597,0.00021259888782129094,False,False,True,True
1931,2767603215,2014-05-16,1083390.0,134.709408,1945963.365565516,-862573.365565516,-1.4061137130199406,0.0006435897374824825,0.00021221610769466947,False,True,True,True
1442,7431500341,2015-04-24,4030447.5,334.45094400000005,2714595.116976887,1315852.383023113,2.144627390951721,0.0002766223932808968,0.00021210940863593549,False,False,True,True
2138,4219400520,2014-06-16,3871305.5,282.4252416,2706114.738406822,1165190.761593178,1.8991445501931925,0.00035171769900863687,0.0002115006916737933,False,False,True,True
7969,3885805035,2015-05-08,2060162.5,96.61916160000001,623654.9615649357,1436507.5384350643,2.341222951284125,0.00023144042530147055,0.00021148230686087892,False,False,True,True
12321,2386000070,2014-10-29,1935816.1942,405.05725440000003,3082228.256378241,-1146412.0621782409,-1.8685477688876866,0.0003630839219802961,0.00021135955770649548,False,False,True,True
937,4441300240,2015-03-31,3849600.0,340.02512640000003,2823192.9622057453,1026407.0377942547,1.673024748399531,0.0004518635970967369,0.0002108905511332494,False,False,True,True
11363,3303860030,2014-10-29,1205127.0,377.1863424,2103675.040669784,-898548.040669784,-1.4647176905449582,0.0005894001573990421,0.00021087393373023846,False,True,True,True
1848,4083306175,2015-04-01,2540258.0,100.3352832,1214766.453745626,1325491.546254374,2.160331618016993,0.0002710173318441426,0.00021086493970837644,False,False,True,True
17101,2919201365,2014-06-16,1450345.0,242.4769344,2438739.273489833,-988394.2734898329,-1.6110925654953419,0.00048651913511990955,0.00021057218653904754,False,False,True,True
8962,2481600110,2014-05-25,1497622.5,276.8510592,2705161.0649986416,-1207538.5649986416,-1.9681419142783487,0.0003259913139873668,0.00021052767684361155,False,False,True,True
17904,3761100180,2014-09-17,3729748.0,276.8510592,2440535.9918710142,1289212.0081289858,2.101217641877872,0.0002859192125892092,0.00021045456795538322,False,False,True,True
6833,8835900086,2014-09-02,788235.0,314.01227520000003,2191926.0682045,-1403691.0682044998,-2.2877496138154245,0.00024106636959674585,0.00021033282988851905,False,False,True,True
15042,3623059027,2014-10-22,495620.0,72.4643712,-364736.714031741,860356.714031741,1.4024980549370638,0.0006404403172599353,0.00021009232036320528,False,True,True,True
10077,8644220070,2014-09-10,1711041.5,246.193056,2517470.530454591,-806429.0304545909,-1.314646471715845,0.0007283908679485765,0.00020996536132667068,False,True,True,True
11509,3885806840,2015-03-16,3435370.5,212.74796160000002,1901607.2786114886,1533763.2213885114,2.4996928419971502,0.00020134577661936638,0.0002097258770919458,False,False,True,True
18868,2175100205,2015-03-23,4130470.2,249.90917760000002,1903478.6519965082,2226991.548003492,3.6293085139701136,9.540402926398403e-05,0.00020946172559399803,True,False,True,True
9206,0809003085,2015-04-01,3360714.0,197.88347520000002,1797283.6918044686,1563430.3081955314,2.5480334341303164,0.0001933730052356506,0.0002092853505631355,False,False,True,True
7649,2623069031,2014-05-21,1199521.75,279.63815040000003,2166385.316915117,-966863.5669151172,-1.576011313317367,0.0005042960485386362,0.00020886806555730751,False,False,True,True
13421,2525049246,2014-10-17,3793935.0000000005,274.06396800000005,2179208.490782112,1614726.5092178886,2.6316176975327754,0.00018060814242539967,0.0002085019477738038,False,False,True,True
5370,7215900020,2014-12-09,4162560.0,377.1863424,2912010.7793570906,1250549.2206429094,2.0382183892859365,0.00030078588596669717,0.00020832350971771512,False,False,True,True
8649,5608000590,2014-07-14,2062257.12,352.10252160000005,3060548.8026032373,-998291.6826032372,-1.6272126556398623,0.00047081169591895247,0.000207868718366906,False,False,True,True
18728,0239000155,2015-01-05,1916464.9000000001,328.8767616,2503274.53443978,-586809.6344397797,-0.9569238419270237,0.0013600797274539028,0.0002078542670524806,False,True,True,True
5852,3585900500,2015-04-02,4802530.0,438.50234880000005,3973230.681801267,829299.318198733,1.3518982366198673,0.0006817572771706595,0.00020780821861870105,False,True,True,True
14722,7853220330,2014-10-06,1759154.0000000002,410.6314368,2896473.2960088477,-1137319.2960088474,-1.8537254792971725,0.0003610296083458248,0.00020684223887099665,False,False,True,True
19456,3425059076,2014-09-22,1861860.0,278.70912000000004,2814569.173700407,-952709.1737004071,-1.552946472034097,0.0005135210555573342,0.0002065109357205627,False,False,True,True
13871,0824059042,2014-05-30,4224321.3,388.3347072,3178899.0524265543,1045422.2475734456,1.7039973770670338,0.0004262688532814898,0.00020637417960061655,False,False,True,True
10593,5141000510,2014-09-15,917319.2000000001,206.24474880000002,1512107.5419422612,-594788.3419422611,-0.96991256421111,0.0013140802847872134,0.00020630364097537005,False,True,True,True
17253,6806300980,2014-12-23,1311975.0,337.2380352,2307154.8651697114,-995179.8651697114,-1.6221393726865576,0.00046954332167585197,0.0002060177865586029,False,False,True,True
4682,9471201110,2015-04-06,3494638.0,220.1802048,2211547.244638741,1283090.755361259,2.0912373790624845,0.00028251493284805074,0.00020597738285922366,False,False,True,True
6030,5450500010,2015-03-13,3145740.0,208.1028096,2204034.851261601,941705.1487383991,1.5350172339274923,0.000523515890304152,0.00020569917462795944,False,False,True,True
3930,7135520300,2015-04-07,4060030.0,382.76052480000004,3356226.296750769,703803.703249231,1.147464455140355,0.0009348389350547805,0.00020533841697177016,False,True,True,True
9881,1118000935,2014-07-05,3849496.2,271.2768768,2540612.002917543,1308884.1970824571,2.133263839479857,0.0002705010526295675,0.0002052222031571706,False,False,True,True
21124,2708450020,2014-09-12,1046295.0,300.63423744,2105310.7930867597,-1059015.7930867597,-1.7261419754378688,0.000411966493001497,0.00020466454908024974,False,False,True,True
3280,2355010090,2014-12-07,2183652.8,330.73482240000004,3054322.8228794783,-870670.0228794785,-1.4192865041423328,0.0006071459575546171,0.00020396035718965938,False,True,True,True
8759,1773100755,2014-08-21,1174264.0,278.70912000000004,2069637.1636692435,-895373.1636692435,-1.4595306674650483,0.000573410666948891,0.00020369954895289708,False,True,True,True
19728,6666830320,2015-03-24,2977480.8079999997,299.1477888,1930726.9834290817,1046753.824570918,1.706161705632012,0.0004191332132855094,0.00020343387524381326,False,False,True,True
19556,0224059025,2014-06-20,2417040.0,456.15392640000005,3257348.9576169625,-840308.9576169625,-1.3698225771015657,0.000647856007409128,0.00020273901448775977,False,True,True,True
5164,9320200050,2014-12-16,4110450.0,272.2059072,2351728.274332784,1758721.725667216,2.8662487029073507,0.00014800688669992746,0.00020268550845974108,False,False,True,True
2654,7611200136,2014-07-23,1936014.4000000001,350.2444608,2909797.1181043833,-973782.7181043832,-1.5872722788648057,0.00048235677533908436,0.00020264203177718763,False,False,True,True
10155,7631200310,2014-11-06,2494512.5,252.6962688,1172076.1478828564,1322436.3521171436,2.1553419444378052,0.00026154267318510057,0.00020255234273422516,False,False,True,True
4595,1024000100,2015-04-08,2775060.0,178.37383680000002,1871196.582392864,903863.4176071361,1.4733599882264188,0.0005591930827222955,0.00020242828967747888,False,True,True,True
8030,9541600110,2015-04-30,3966519.9999999995,333.5219136,2612306.432596378,1354213.5674036215,2.20711970735778,0.00024923311094825695,0.0002024018693566957,False,False,True,True
18329,4218400175,2015-02-23,3644591.5,208.1028096,1900764.4952322245,1743827.0047677755,2.8419775220276486,0.00015029588389643429,0.00020234961917034363,False,False,True,True
20043,1964700054,2014-12-22,2586382.5,154.2190464,1149461.1410742924,1436921.3589257076,2.341885035721183,0.00022088634228531814,0.000201950390210881,False,False,True,True
6021,8854100130,2014-09-11,1372800.0,292.64457600000003,2589314.954615161,-1216514.9546151608,-1.9827545803173103,0.00030807844484948346,0.00020192114672074998,False,False,True,True
3289,9238900855,2015-03-13,2258480.0,86.3998272,928532.7941634879,1329947.2058365121,2.1675791733775798,0.0002577050628968236,0.00020185224028892104,False,False,True,True
3239,2296500131,2014-12-16,2025081.7,432.9281664,2912714.1827724874,-887632.4827724874,-1.4469135748378492,0.0005745755681193813,0.00020059989152423926,False,True,True,True
17237,1338600225,2014-05-28,4413785.0,412.48949760000005,3407093.882142581,1006691.117857419,1.6408838347541508,0.00044659588935325395,0.0002004994296418224,False,False,True,True
17596,3720800115,2015-03-31,3150955.344,217.39311360000002,1841884.4195452034,1309070.9244547966,2.1335612111347766,0.000263975741828109,0.00020032614847287705,False,False,True,True
16169,2374200005,2014-06-16,836737.5,222.967296,1732750.4868668988,-896012.9868668988,-1.4605657002381214,0.0005625569862736761,0.0002001252333051621,False,True,True,True
11694,8818400340,2015-04-23,3252080.4,231.3285696,2275869.8655190766,976210.5344809233,1.5912221262444581,0.00047292278569894663,0.0001996668853139671,False,False,True,True
9132,2011400230,2014-06-26,1270117.5,342.8122176,2410817.2350149006,-1140699.7350149006,-1.859221195453059,0.0003458809203301799,0.0001993369088080168,False,False,True,True
19404,1797500600,2014-08-25,1938680.0000000002,292.64457600000003,2704120.535535805,-765440.5355358047,-1.2478506006847252,0.0007666229051000893,0.00019910803813014686,False,True,True,True
15131,8824900020,2015-03-27,3025087.725,239.6898432,2038849.6002987698,986238.1247012303,1.6075570642938748,0.00046045844819214525,0.0001984138628239622,False,False,True,True
9957,6638900550,2015-04-07,1236747.6,58.52891520000001,164200.7477862388,1072546.8522137613,1.7481769858752536,0.00038917605720854495,0.00019830547766203988,False,False,True,True
1387,3342700465,2015-01-23,646400.0,263.8446336,1862164.743105851,-1215764.743105851,-1.9815261112966522,0.00030230094596831163,0.00019788786475484328,False,False,True,True
2986,4003000053,2014-08-13,1735938.0,209.03184000000002,2491027.0466676727,-755089.0466676727,-1.2309847716579454,0.0007821533724941144,0.00019769052301659817,False,True,True,True
7885,7135520610,2014-05-29,2113845.0,384.6185856,3113713.2472798303,-999868.2472798303,-1.6297620885551956,0.00044583425140593165,0.0001974532418556616,False,False,True,True
9158,7934000145,2014-12-01,1153080.0,269.418816,2063460.0138972923,-910380.0138972923,-1.4839659262581832,0.0005368796259382037,0.00019715452875333883,False,False,True,True
17573,3751606514,2014-06-26,596403.0,165.36741120000002,1322990.8125344962,-726587.8125344962,-1.1845557676546725,0.00084147877787423,0.00019695569541522363,False,True,True,True
20580,0424069279,2015-03-28,3806562.0000000005,581.5730304,4303443.514993601,-496881.5149936001,-0.8104513527753116,0.001792152315847451,0.00019654255186556688,False,True,True,True
3294,7701961030,2015-01-29,2271500.0,334.45094400000005,3128120.995343782,-856620.995343782,-1.3963819817259353,0.0006027303012311695,0.0001959936897194614,False,True,True,True
14928,9551201155,2014-07-28,2062935.0,242.4769344,2775458.02858112,-712523.0285811201,-1.1616417140427913,0.0008685846561356076,0.00019551617221764118,False,True,True,True
12834,9238500040,2014-06-24,888679.9999999999,275.9220288,1897174.1492327675,-1008494.1492327676,-1.6438118056535942,0.0004333039012854936,0.00019522424929524764,False,False,True,True
5594,2726049071,2014-12-11,1339821.0,76.18049280000001,305144.4301027134,1034676.5698972866,1.6864692728291795,0.0004107756938675419,0.00019479992595230417,False,False,True,True
6520,3885806565,2015-01-30,3564819.7,276.8510592,2233734.5397329777,1331085.1602670224,2.169422774140849,0.00024750764505598877,0.00019419286187833762,False,False,True,True
1567,4215250310,2014-09-19,1959899.6,345.5993088,2987477.9526492506,-1027578.3526492505,-1.6749026242846767,0.0004144499700692271,0.0001938563444297455,False,False,True,True
10124,0626059276,2014-05-30,1025462.0,287.07039360000005,2336215.8128931522,-1310753.8128931522,-2.1362939926716122,0.0002545804830922614,0.00019368967540453472,False,False,True,True
20074,3760500407,2014-05-21,2277433.0,360.46379520000005,3207176.572278641,-929743.5722786412,-1.5155054987641359,0.0005052016518629077,0.00019348531381465094,False,False,True,True
14881,3395050050,2014-11-14,1646568.0,353.03155200000003,2799968.149018094,-1153400.149018094,-1.8799049395114793,0.0003282246898833989,0.0001933901471511209,False,False,True,True
8858,9406540150,2014-07-22,1040062.9999999999,363.2508864,2176236.288205385,-1136173.2882053852,-1.8518358993889767,0.000337609326984567,0.0001930255641520116,False,False,True,True
19359,3585300194,2015-03-24,4383400.0,384.6185856,3319917.5224543884,1063482.4775456116,1.7333988211867575,0.0003847210955029434,0.00019273423239689582,False,False,True,True
13468,4385701285,2014-12-23,3405780.0000000005,280.5671808,2447404.3794469833,958375.6205530171,1.5621514474784526,0.0004731938802286827,0.00019254830247244877,False,False,True,True
2243,7015200136,2015-05-03,2993600.0,186.73511040000002,2146394.3304272965,847205.6695727035,1.3810351699709713,0.0006044031345457763,0.00019224165789813474,False,True,True,True
7543,9310300300,2014-10-13,983235.3,265.70269440000004,2211778.145640731,-1228542.8456407308,-2.0023374368227342,0.00028713277402408685,0.00019192465515099918,False,False,True,True
10789,6411600370,2014-05-15,1052885.0,266.63172480000003,1917864.2829875723,-864979.2829875723,-1.4099896981291562,0.0005783925075019923,0.0001917584685257538,False,True,True,True
565,2725069050,2014-06-13,1928546.1,382.76052480000004,2860053.529643573,-931507.4296435728,-1.5183755944749031,0.0004985711510430146,0.00019166857083324928,False,False,True,True
2099,8161600135,2014-05-27,1537955.2,278.70912000000004,2445293.844307095,-907338.6443070949,-1.478999832171511,0.0005253829993137928,0.00019164136054322648,False,False,True,True
15589,4139910170,2014-12-16,2754001.5,376.257312,3473125.490856357,-719123.9908563569,-1.1723839577003554,0.0008354363556494371,0.00019154235884847798,False,True,True,True
5931,0624110920,2014-07-25,1699841.2499999998,309.36712320000004,2734715.4092541784,-1034874.1592541786,-1.686785068444266,0.00040335062078938715,0.0001913489940859989,False,False,True,True
16017,7560000050,2015-04-23,2196132.0,226.6834176,1248338.1377031654,947793.8622968346,1.5449083624096556,0.0004798861152259387,0.00019098569698429725,False,False,True,True
13986,4094800120,2014-06-19,4089921.0,360.46379520000005,2908594.820227459,1181326.179772541,1.9254023263237212,0.0003087867929672545,0.0001908466654187864,False,False,True,True
15698,8029520250,2015-03-18,1463310.0,353.03155200000003,2330026.2294410095,-866716.2294410095,-1.4128165065979634,0.0005719385251619288,0.00019037857958276974,False,True,True,True
16391,9544200277,2014-10-15,4036456.0,393.9088896,2941902.645183213,1094553.354816787,1.7840188696998927,0.0003587068169568341,0.0001903457039752879,False,False,True,True
15870,0587550010,2015-01-16,1493001.0,370.68312960000003,2480994.3768923134,-987993.3768923134,-1.610401614140362,0.00043998653876985844,0.00019026007314080367,False,False,True,True
2869,7504030090,2014-06-01,1477740.0,258.2704512,2404239.4947324023,-926499.4947324023,-1.5102137979944346,0.0005002082456324465,0.00019023646003933045,False,False,True,True
8840,2524049018,2014-12-05,3642156.832,332.5928832,2441469.1152331308,1200687.7167668692,1.9569479380279795,0.00029746450174382433,0.0001899204130539893,False,False,True,True
1928,7316400070,2014-09-25,614167.5,260.128512,1358739.795280233,-744572.295280233,-1.2138339443625124,0.0007724702109484574,0.000189838658273495,False,True,True,True
5602,9808100185,2014-10-03,4216001.2,373.47022080000005,3215310.324282095,1000690.8757179054,1.6310877637249148,0.00042721669687565723,0.00018951221356785974,False,False,True,True
11255,2025770310,2014-06-11,1751099.5,418.06368000000003,2625704.3050860614,-874604.8050860614,-1.4256663702359496,0.0005591193151174637,0.00018950991896881197,False,True,True,True
17398,2331300415,2014-06-20,1745640.0,198.8125056,2530660.727321014,-785020.7273210138,-1.2797242279945777,0.0006936080746805695,0.00018945104667906064,False,True,True,True
6342,1442700250,2014-07-16,1065264.0,336.3090048,2178113.677470736,-1112849.6774707362,-1.8138279594314943,0.00034526729937419884,0.0001893853387868547,False,False,True,True
18445,8823901445,2015-03-13,3013457.6,261.98657280000003,2140193.69606518,873263.9039348201,1.4234812614074066,0.00056003607690021,0.00018923939546645866,False,True,True,True
3387,9290850740,2014-06-18,2197065.0,396.69598080000003,3062201.900541097,-865136.9005410969,-1.4102409962788636,0.0005704100370017666,0.0001891778895963152,False,True,True,True
14057,0369000365,2015-04-22,1539486.0,63.1740672,451260.22883690894,1088225.771163091,1.773707230604648,0.00036065260558251246,0.00018917265292593707,False,False,True,True
2450,8691310070,2014-06-18,2057354.2,338.1670656,2907809.6288596243,-850455.4288596243,-1.386322704989286,0.0005901039910018746,0.00018913082991271822,False,True,True,True
13285,0764000155,2014-11-07,1067421.5,250.838208,1772393.485862963,-704971.9858629629,-1.1493244425608555,0.0008570346248754218,0.00018884468601156198,False,True,True,True
1896,3066120030,2015-01-27,4064917.5000000005,353.9605824,3153010.435235724,911907.0647642766,1.4864367660255087,0.0005122281618111981,0.0001887242003537281,False,False,True,True
16930,3410600080,2014-07-09,1627105.8050000002,397.6250112,2524314.48041863,-897208.6754186298,-1.4624893332775333,0.0005278061932024597,0.00018825127649796855,False,False,True,True
4017,6169901130,2014-09-11,3168879.9999999995,231.3285696,2324699.6510192454,844180.3489807541,1.376097653404883,0.0005958001046426518,0.00018815105729007149,False,True,True,True
16537,5595900345,2015-01-13,1218310.0,321.44451840000005,1965429.5613983572,-747119.5613983572,-1.217978080309807,0.0007584784288157467,0.00018767242098360223,False,True,True,True
17473,2205700470,2015-01-22,1675297.7000000002,364.1799168,2288755.7449232936,-613458.0449232934,-1.0002617111398364,0.0011238474303326695,0.00018761681168703948,False,True,True,True
19481,3127200021,2014-06-16,1896605.0,384.6185856,3018505.186483443,-1121900.1864834428,-1.8285705629356364,0.0003356734365349452,0.00018712636359302024,False,False,True,True
3365,6114400028,2014-06-18,909246.9,334.45094400000005,2026705.824134402,-1117458.924134402,-1.8213342399183872,0.00033834407663311736,0.00018712576870689223,False,False,True,True
2559,5152920070,2014-07-31,1471542.5999999999,316.7993664,2386888.313480191,-915345.7134801911,-1.4920356945840139,0.0005039545986807031,0.0001870757556763314,False,False,True,True
10977,3295610200,2014-06-25,1698004.0,364.1799168,2699201.908319764,-1001197.9083197638,-1.6319093778687523,0.0004213003109319166,0.00018707493908272322,False,False,True,True
6780,3625600190,2015-04-09,3823483.0000000005,326.08967040000005,2737022.674729973,1086460.3252700274,1.770826957770286,0.0003575370818302264,0.00018692930634729813,False,False,True,True
19274,1337300145,2014-07-21,4002840.0000000005,308.4380928,3288568.482062392,714271.5179376085,1.1644674570786024,0.0008259288005496492,0.00018681206303839052,False,True,True,True
18984,9264960850,2014-07-09,912126.8,312.1542144,1956048.421906419,-1043921.621906419,-1.701517847585145,0.0003868283548794857,0.00018672742060213459,False,False,True,True
10983,0098000960,2014-05-13,2320605.0,408.77337600000004,3255708.5618362203,-935103.5618362203,-1.524224501893548,0.00048170610619990774,0.0001866113398718331,False,False,True,True
8307,3791410210,2014-11-17,1231455.5,318.65742720000003,2331693.076515667,-1100237.5765156671,-1.7932738088447335,0.00034777338045964903,0.00018646157998757667,False,False,True,True
5258,3574300250,2014-10-29,715772.4,166.2964416,1579389.0041753203,-863616.6041753202,-1.407757835276113,0.0005633692273634434,0.00018618406759330388,False,True,True,True
7387,5039300305,2014-11-07,1157445.0,184.87704960000002,2045009.570080027,-887564.570080027,-1.4467729868719579,0.0005332866331739776,0.00018614093698810443,False,False,True,True
6291,6806300920,2014-06-10,1092504.0,280.5671808,2078231.719301328,-985727.7193013281,-1.606702595316934,0.00043244617039593994,0.00018613997237308793,False,False,True,True
17946,9828702588,2015-03-11,2823277.2,188.5931712,1540432.0746958777,1282845.1253041225,2.0908083599956777,0.0002550876839713754,0.000185899188300071,False,False,True,True
4312,9528101032,2015-03-25,1888560.0,141.2126208,918478.6573415548,970081.3426584452,1.5812096909191276,0.00044528694593058,0.00018563551902155048,False,False,True,True
1948,3528000510,2014-09-05,2086481.28,385.547616,3003446.0951178223,-916964.8151178223,-1.494670645631851,0.000498305548697231,0.00018563161741398047,False,False,True,True
3189,1118001645,2015-01-30,3727220.0,280.5671808,2526085.338364266,1201134.6616357341,1.9576695819970686,0.00029050751557238574,0.000185614154650838,False,False,True,True
7514,1154100515,2014-09-26,1142570.0,257.34142080000004,2361544.0492249876,-1218974.0492249876,-1.9867365528476564,0.00028189408143352787,0.0001854973518157608,False,False,True,True
12106,4232900310,2014-10-29,3481478.0,311.225184,2571512.0885446817,909965.9114553183,1.4832676426952747,0.0005055122378127145,0.00018545522156492578,False,False,True,True
12312,7529500030,2014-09-09,878300.5,250.838208,1609294.4761428684,-730993.9761428684,-1.191703919259674,0.0007824276465816789,0.0001853401923896953,False,True,True,True
20565,0715010110,2014-08-04,2800496.2339999997,537.9086016,3371301.9057062864,-570805.6717062867,-0.9307865920516507,0.0012759129409709996,0.00018446947212447966,False,True,False,True
3501,2331300025,2015-03-11,3013365.4,172.7996544,2407574.7849594057,605790.6150405942,0.9877639279643018,0.0011323233762092718,0.00018433915295188122,False,True,False,True
18590,4389200761,2015-01-28,2837670.0,144.9287424,993102.5214131922,1844567.4785868078,3.00611557361232,0.0001221453044189854,0.00018398817989859063,True,False,False,True
9280,8129700644,2015-04-24,2320110.0,193.23832320000002,1572217.1929525584,747892.8070474416,1.219227581314536,0.0007403352863439121,0.0001835559213935923,False,True,False,True
3123,7237500590,2014-11-17,3436620.0,567.6375744000001,4056155.7263234556,-619535.7263234556,-1.0101459908222037,0.001073293507473253,0.0001827266602834895,False,True,False,True
4880,8805900430,2014-12-29,3083392.875,180.23189760000002,2259456.364695795,823936.5103042051,1.343104649383832,0.0006054135809850448,0.00018213089471738546,False,True,False,True
20398,1196003740,2014-09-24,1766738.0,381.83149440000005,2607956.428731501,-841218.4287315011,-1.3712586768381698,0.000580126070863024,0.00018191224295121576,False,True,False,True
14277,5430300120,2014-11-13,2829749.9999999995,401.3411328,2267223.6306770444,562526.3693229551,0.9172948072285576,0.0012952784039657432,0.00018188322290153358,False,True,False,True
5398,9187200285,2014-05-05,1834137.8,271.2768768,2687318.521091372,-853180.7210913717,-1.3907446688586815,0.0005606118598254816,0.0001808212125803946,False,True,False,True
13029,6817850040,2014-11-11,2115630.0,304.72197120000004,2939134.7827742696,-823504.7827742696,-1.3423967346805126,0.0005992304023504433,0.00018007966899431983,False,True,False,True
7010,0713500020,2015-04-21,4226605.1,417.13464960000005,3404414.648550287,822190.4514497127,1.3402554871850656,0.0006010894271636161,0.00018006286454757888,False,True,False,True
5866,4141800285,2014-07-14,3829795.2,322.37354880000004,2995248.9350349084,834546.2649650918,1.360384386982403,0.0005829371939956437,0.0001799065742303562,False,True,False,True
6870,3262300235,2014-11-26,3903516.5,266.63172480000003,2016553.6923541725,1886962.8076458275,3.0751949196123984,0.00011377460085856394,0.00017934479696731393,True,False,False,True
21592,7430200100,2014-05-14,2705270.25,456.15392640000005,3542606.3034921065,-837336.0534921065,-1.3649270338242363,0.0005756798577840018,0.0001788540346659185,False,True,False,True
18202,0624110110,2015-02-22,3050916.3,447.79265280000004,3841357.945304394,-790441.645304394,-1.2885303151610823,0.0006455566649322397,0.0001787527995951229,False,True,False,True
19878,2126059295,2014-08-05,2265359.8,397.6250112,3112005.423610024,-846645.6236100243,-1.380091301048001,0.0005596000030786384,0.00017774000741401728,False,True,False,True
16896,1231000895,2014-11-05,2481564.8,263.8446336,3041491.271308504,-559926.4713085042,-0.9130436227723365,0.001269881787401967,0.00017666354961159037,False,True,False,True
19204,8818400450,2014-05-08,2055951.0,245.26402560000002,2754566.166786641,-698615.1667866409,-1.1389370296697134,0.0008152537064936723,0.00017639861158447892,False,True,False,True
3254,3343301910,2014-10-20,2455400.0,196.9544448,1964953.768456854,490446.2315431461,0.7998983063731397,0.0016508527477583582,0.00017633730120363545,False,True,False,True
12886,3861470120,2014-11-26,4041583.0,396.69598080000003,3225058.183969721,816524.8160302788,1.3310126193586886,0.0005901328869589658,0.00017434892764005565,False,True,False,True
6092,7167000020,2014-06-16,1768305.25,398.5540416,2519809.324768923,-751504.0747689232,-1.2250861883045567,0.000693771533758384,0.00017366004885357948,False,True,False,True
3233,1924069058,2014-10-10,2325939.5,465.44423040000004,3046383.833378032,-720444.3333780318,-1.1744881327420829,0.0007531318672547939,0.0001732783261338991,False,True,False,True
3588,9272200090,2015-02-04,4340666.572,351.1734912,3884627.404552333,456039.16744766664,0.7438635281919509,0.0018703447511367044,0.00017281044444048563,False,True,False,True
16284,7574910420,2014-12-01,1620717.9999999998,252.6962688,2364910.809764333,-744192.8097643333,-1.213171799863147,0.000700826624426127,0.00017203167859623005,False,True,False,True
3854,3221079055,2015-03-25,1155169.2,209.9608704,348874.3463974297,806294.8536025702,1.314337435247355,0.0005910780111137715,0.00017028017437294737,False,True,False,True
17959,7635801321,2014-07-23,1010191.0000000001,230.39953920000002,1779459.6057553515,-769268.6057553514,-1.2540175075631257,0.0006490710433890365,0.00017022767337103282,False,True,False,True
429,9808650060,2015-02-25,3723979.9999999995,218.322144,1652077.5413799733,2071902.4586200262,3.376550997761055,8.936706278484842e-05,0.00016982893032701352,True,False,False,True
10179,1370800935,2014-06-18,3154760.0,187.6641408,2453304.2533752844,701455.7466247156,1.1435467393938763,0.0007781614524851087,0.00016973225680374333,False,True,False,True
4719,2025049006,2014-11-12,1916250.0000000002,316.7993664,2746141.304893315,-829891.3048933146,-1.3527776461585015,0.000555242339864932,0.00016944367705481314,False,True,False,True
7371,7823700005,2014-07-07,654929.5,180.23189760000002,1358231.1510811,-703301.6510811001,-1.1465518719767749,0.0007709293142585533,0.00016903851329537435,False,True,False,True
1585,3271801090,2015-04-30,3517480.0,240.61887360000003,2759909.445781797,757570.5542182028,1.2349558176777917,0.0006616980655638873,0.0001683057379160752,False,True,False,True
10277,1420700030,2014-09-22,1425413.759,249.90917760000002,2157345.044282645,-731931.2852826449,-1.193183211092135,0.0007007628908908738,0.00016639434296030815,False,True,False,True
17515,1370802455,2014-08-13,2382660.0,295.4316672,2921530.0697579905,-538870.0697579905,-0.8787146266827552,0.001284900817467325,0.00016556649319279798,False,True,False,True
9307,7701960720,2014-10-17,2643516.0,390.192768,3376828.884717278,-733312.8847172782,-1.1954316117355475,0.0006943066953333226,0.0001654821722865661,False,True,False,True
3409,5318100645,2014-05-27,3509577.9999999995,285.2123328,2814718.461347662,694859.5386523376,1.1327900012064724,0.0007723675887872585,0.00016531306161988107,False,True,False,True
5061,1125069153,2014-08-22,3473645.0,556.4892096,4040527.0420186,-566882.0420185998,-0.9243338831561676,0.0011578644980285192,0.0001650697066447482,False,True,False,True
15349,4139900050,2014-05-19,3245894.8000000003,465.44423040000004,3890865.9030102864,-644971.1030102861,-1.0515218602680056,0.0008904622637519802,0.00016424334288926042,False,True,False,True
11775,2629600016,2015-04-10,1926289.8,200.6705664,1128687.3543171808,797602.4456828192,1.3001588540608253,0.0005770448024602949,0.00016266787700058174,False,True,False,True
11174,1568100295,2015-02-02,1593469.5,325.16064,2140547.202285059,-547077.7022850588,-0.8920704723672636,0.001222151604325275,0.00016229429696489473,False,True,False,True
19672,0745530240,2014-12-26,2321785.14,454.2958656,2968039.713923879,-646254.5739238788,-1.0536050933613756,0.0008728996714769052,0.00016163971036999356,False,True,False,True
17913,5468750040,2015-01-26,1077589.0,254.55432960000002,1834092.2745238617,-756503.2745238617,-1.2332005277798648,0.0006366401761499843,0.0001614681140693192,False,True,False,True
7129,1024049024,2014-12-03,4442814.5,452.43780480000004,3770497.3564001173,672317.1435998827,1.0960518345209445,0.0007931868473780215,0.00015893921133997767,False,True,False,True
17940,1235100371,2014-07-17,1299374.0,329.805792,2090596.2782674953,-791222.2782674953,-1.2897552965914407,0.0005718534801549026,0.00015863411206390208,False,True,False,True
5051,7856410430,2014-05-30,3101015.0,529.547328,3622237.1027176306,-521222.10271763057,-0.8499497742951814,0.0013154663495609476,0.00015859397862452956,False,True,False,True
4237,2902200015,2015-01-06,1891610.0,341.8831872,2544394.5711840615,-652784.5711840615,-1.0642331658645545,0.0008392024917737934,0.0001585454221620873,False,True,False,True
6502,6117900010,2014-12-31,2005431.0,320.515488,2765106.162170455,-759675.1621704549,-1.2383588630148246,0.0006168495251826014,0.00015775712933811152,False,True,False,True
15012,2771604120,2014-11-11,2487468.0,377.1863424,3148419.7617658153,-660951.7617658153,-1.0775344600571128,0.0008138739023488043,0.00015762380719298286,False,True,False,True
1263,7636800041,2014-06-25,2194174.0,406.9153152,2878429.5320669934,-684255.5320669934,-1.1154954201857952,0.0007589812403701775,0.00015752341589473753,False,True,False,True
18703,5652601140,2014-10-14,1535423.9999999998,292.64457600000003,2321903.520296596,-786479.5202965962,-1.2820255567483103,0.0005739320973973203,0.00015730841520780165,False,True,False,True
6434,0492000532,2015-02-22,803484.495,224.8253568,1511551.1663040146,-708066.6713040146,-1.1542830296391917,0.0007069062017519348,0.00015708773463373566,False,True,False,True
11590,6453300055,2014-10-07,451914.39999999997,51.096672000000005,-336790.9094037637,788705.3094037636,1.2856511284264756,0.0005698190040602769,0.00015706502558943946,False,True,False,True
14163,7660100085,2014-09-08,1686825.0,265.70269440000004,2476605.1589869633,-789780.1589869633,-1.2874012972652569,0.0005668383228849272,0.00015666864359509662,False,True,False,True
17798,0821049123,2014-10-28,967404.1,224.8253568,1740315.6472072676,-772911.5472072676,-1.2599158177880976,0.0005852917217733025,0.00015493818042316282,False,True,False,True
13954,3751606606,2014-07-17,588078.75,209.86796736000002,1354439.27733545,-766360.52733545,-1.2492432935625957,0.0005952621917994783,0.00015492078827221192,False,True,False,True
19346,2114700090,2015-03-01,434608.2,66.8901888,-302538.21400666237,737146.4140066623,1.2016499184842042,0.0006426895649565044,0.0001547694100230648,False,True,False,True
10320,2323089065,2014-12-17,2179680.0,427.353984,2934226.744869396,-754546.7448693961,-1.2299947255878112,0.0006099906251707653,0.0001539016956209481,False,True,False,True
6148,2085700050,2014-08-26,955416.0,230.39953920000002,1735807.6780573428,-780391.6780573428,-1.2720995154016792,0.0005702182100458947,0.00015387912910610178,False,True,False,True
10861,3505100126,2014-06-26,2761125.0,349.3154304,3416510.4185878932,-655385.4185878932,-1.0684560416423816,0.0008068842227100474,0.0001536469198370271,False,True,False,True
15250,1320069249,2014-10-20,472664.5,43.6644288,-288895.94418509305,761560.444185093,1.241418154124868,0.000594408562985399,0.00015276653073855343,False,True,False,True
21386,6372000297,2015-03-23,1933440.0,154.2190464,1147597.6990242004,785842.3009757996,1.2809759069991482,0.0005568759993691951,0.00015238109458213766,False,True,False,True
17651,4206901215,2014-06-12,2052152.0,224.8253568,2661802.331287466,-609650.331287466,-0.9939511964691338,0.000918979734324696,0.000151455167938971,False,True,False,True
12846,3221059044,2014-05-23,1774849.0650000002,392.05082880000003,2546209.8670441136,-771360.8020441134,-1.257378978341818,0.0005710093667280897,0.00015054711230464454,False,True,False,True
17396,0745000005,2014-08-25,330716.0,44.593459200000005,-439872.33001323044,770588.3300132304,1.2561201319809303,0.0005715567851873452,0.00015038993847223578,False,True,False,True
801,6838800140,2015-02-24,3151390.0,396.69598080000003,3814358.9244541526,-662968.9244541526,-1.0807982920947223,0.0007682000871584386,0.00014967392735991736,False,True,False,True
15850,5608000190,2014-07-14,3370752.0,550.9150272,3931287.746669203,-560535.746669203,-0.9139467005353678,0.0010722199127051846,0.00014943084962089695,False,True,False,True
2674,3959400400,2014-07-09,1259709.1,206.24474880000002,1999766.1200746372,-740057.0200746371,-1.2063773011337895,0.0006140184672758404,0.00014902641140067236,False,True,False,True
11026,1822039225,2014-07-25,1482484.5,291.34393344,2249225.9019453004,-766741.4019453004,-1.2498495578483235,0.000571914881371819,0.00014898552617689665,False,True,False,True
4600,9297300740,2014-11-18,1670976.45,334.45094400000005,2098917.7357700393,-427941.2857700393,-0.6980175074081872,0.0018290063484490034,0.0001487961342559655,False,True,False,True
1989,1118002090,2014-06-28,3515999.9999999995,261.98657280000003,3036449.8603179306,479550.13968206896,0.7820499104217487,0.0014534753482521624,0.0001483737443505769,False,True,False,True
13531,7504021490,2014-05-12,2393712.0,345.5993088,3142886.915826015,-749174.9158260152,-1.2212288750243514,0.000594974640428711,0.00014797890336586142,False,True,False,True
20454,1125079111,2015-04-15,4908960.0,606.6568512,4409755.942590907,499204.0574090928,0.8140536217672614,0.0013360119463612721,0.00014775620476609327,False,True,False,True
5026,0098000950,2014-12-10,2748686.0,384.6185856,3311918.4440357313,-563232.4440357313,-0.9183324407658925,0.0010478714019675345,0.00014743884282258102,False,True,False,True
1866,2143700830,2014-10-06,498828.60000000003,195.096384,1268948.0094167516,-770119.4094167515,-1.255348194600825,0.0005595198121043192,0.00014704006558942807,False,True,False,True
9842,7852011070,2015-01-09,3030462.0,553.7021184,3563074.3917197585,-532612.3917197585,-0.8684564014604154,0.001160534535773992,0.0001460518849811227,False,True,False,True
9356,5700000120,2014-07-22,1726062.0,314.9413056,2347115.3154040575,-621053.3154040575,-1.0125043849553792,0.0008443566070329112,0.0001443894078902979,False,True,False,True
3771,4219401080,2014-05-20,3855143.9999999995,306.580032,3259625.4667308778,595518.5332691218,0.9709092950507939,0.0009149784970627992,0.00014388466406023854,False,True,False,True
13730,9578050120,2014-08-08,3045645.0,372.5411904,3611541.88303867,-565896.8830386698,-0.9226603960399157,0.0010125168455771974,0.0001438052426769973,False,True,False,True
2022,3760500516,2014-07-24,1854034.0000000002,334.45094400000005,2568472.6942741796,-714438.6942741794,-1.1646289178807865,0.0006353133637077586,0.00014371029474604023,False,True,False,True
14034,3459900230,2014-11-25,4239816.0,707.9211648,4588884.800247639,-349068.8002476394,-0.5696012564039642,0.002645867336283681,0.00014345288938329978,False,True,False,True
1352,7234600786,2014-05-11,1869675.9999999998,200.6705664,2498345.8000631556,-628669.8000631558,-1.0249081482873386,0.0008182183397703966,0.00014336506774019012,False,True,False,True
16015,5536100020,2015-05-12,3616291.0,200.6705664,1754982.592855312,1861308.407144688,3.033354746575134,9.331209212908509e-05,0.0001431111956095212,True,False,False,True
8331,1370801520,2014-05-27,3699586.9999999995,286.1413632,3035237.967731066,664349.0322689335,1.0830269389659657,0.0007289699988913484,0.0001426111974198485,False,True,False,True
9687,4307351180,2014-09-15,1006243.0,360.46379520000005,1626815.302839391,-620572.3028393909,-1.011715197474479,0.000834496931116353,0.0001424795746074722,False,True,False,True
6954,4139500080,2014-07-18,3327465.6,481.23774720000006,3975576.881169878,-648111.2811698779,-1.0565749667097821,0.0007647864878163879,0.00014240389201331538,False,True,False,True
15008,9264000010,2014-07-29,1191872.9999999998,254.55432960000002,1907070.9369864315,-715197.9369864317,-1.1658614006793866,0.0006264284776490922,0.00014199930860722093,False,True,False,True
6907,1137800460,2014-12-09,1209744.0,266.63172480000003,1950477.8509267196,-740733.8509267196,-1.2074623740050678,0.0005838270374286525,0.00014194947580637503,False,True,False,True
3011,1342300265,2014-10-01,3262547.5,229.4705088,2692506.9922594875,570040.5077405125,0.9294006270425645,0.0009787727258478958,0.0001410463378732084,False,True,False,True
4493,7202331500,2014-08-29,1507698.72,388.3347072,2030223.552332051,-522524.8323320511,-0.8520081164797412,0.001160733172789235,0.00014059601222794004,False,True,False,True
19566,1625069101,2014-07-07,3019336.0,504.46350720000004,3580258.5904370397,-560922.5904370397,-0.9145473998600249,0.0010065852597697118,0.00014045885677393705,False,True,False,True
957,5489200435,2014-09-04,1229580.0,248.05111680000002,1978230.9618885592,-748650.9618885592,-1.2203552289058823,0.0005629542294975313,0.00013981022202290983,False,True,False,True
12285,1923000260,2014-10-15,4763504.4,575.9988480000001,4212410.907818213,551093.4921817873,0.8985349407453841,0.0010360239537928794,0.00013955283351599262,False,True,False,True
15704,5230000020,2014-06-30,1101250.0,345.5993088,1807628.9065630585,-706378.9065630585,-1.151485149372493,0.0006261903524125222,0.00013846622129767367,False,True,False,True
19329,2771604190,2014-06-17,1852846.4000000001,340.9541568,2501123.9922928065,-648277.5922928064,-1.0568274278446876,0.0007294897227673033,0.00013589172400834833,False,True,False,True
15170,8835800480,2015-02-23,910427.6,165.36741120000002,1574336.849509418,-663909.249509418,-1.0822897232958473,0.0006915238036500002,0.00013509627731701204,False,True,False,True
8599,6730700385,2014-10-22,508010.5,71.5353408,-178888.6576999575,686899.1576999575,1.1197409068148616,0.0006443294291391,0.00013473230040452806,False,True,False,True
5524,0826069016,2014-12-12,1216356.4000000001,304.72197120000004,1942649.9940606728,-726293.5940606727,-1.1839182549916993,0.0005750311390120486,0.0001344105479542229,False,True,False,True
3521,5700003640,2014-05-19,4632254.5,496.10223360000003,4124646.164891511,507608.3351084888,0.8276919358086191,0.0011753683756435592,0.0001343602969709739,False,True,False,True
12591,2459900040,2014-07-17,1315056.0999999999,335.37997440000004,1952919.188959822,-637863.0889598222,-1.0398576467519598,0.0007449176956387284,0.00013434714898112143,False,True,False,True
5309,3293200190,2014-12-13,2981135.5,441.28944,3696177.890582904,-715042.3905829042,-1.1655879583350004,0.0005923338970411449,0.0001342031667193032,False,True,False,True
21363,3123089027,2014-07-21,1049633.6,353.03155200000003,1783000.0179739967,-733366.4179739966,-1.1954401370744725,0.000562654102567681,0.00013408812943632755,False,True,False,True
8619,5379801972,2014-08-18,598767.5,130.064256,1061955.8709069267,-463188.3709069267,-0.755348459582498,0.0014040491916062318,0.00013370140419303154,False,True,False,True
9078,2424059052,2014-07-10,2946402.5,531.4053888000001,3525150.358414881,-578747.8584148809,-0.9435597317764612,0.0008994466576711473,0.00013358378937003356,False,True,False,True
7255,5608010980,2014-10-07,2110536.4,323.3025792,2821433.949342653,-710897.5493426532,-1.1588325519053795,0.0005942035642525472,0.00013307102756208254,False,True,False,True
3887,5279100625,2015-04-29,728500.0,71.5353408,30043.36328816414,698456.6367118359,1.1385635466483837,0.0006133380009892171,0.00013259575601462186,False,True,False,True
2848,5561400740,2015-02-10,1666251.25,399.48307200000005,2373265.1529182196,-707013.9029182196,-1.152504281257174,0.000598457773424467,0.00013256453155482633,False,True,False,True
4485,7202341110,2015-03-13,2264932.8,304.72197120000004,1596974.249493748,667958.5505062519,1.0888783625583736,0.0006686922744013092,0.00013222826442586615,False,True,False,True
588,7942601895,2014-08-19,1445568.0,200.6705664,2172079.3947399408,-726511.3947399408,-1.1842647421347734,0.0005606070287186224,0.0001311138059787765,False,True,False,True
17827,2220069003,2015-02-23,1224467.5,126.3481344,592255.7641384825,632211.7358615175,1.0306415892611838,0.0007388980166431539,0.00013090902712407834,False,True,False,True
1430,2481630070,2015-01-28,2359393.62,295.4316672,3067917.93326281,-708524.31326281,-1.1549597144322312,0.000586882122058107,0.00013055342093194966,False,True,False,True
20894,7299810040,2015-04-06,2443154.0,498.88932480000005,2951758.5751956776,-508604.5751956776,-0.8293001106606881,0.0011361850332259338,0.00013038120177822162,False,True,False,True
558,5486800070,2014-06-20,4364100.0,431.07010560000003,3665186.872290395,698913.1277096048,1.1393004460038672,0.0006006489173003213,0.00013001902945388553,False,True,False,True
12077,8655900162,2015-02-19,445302.0,43.6644288,-226450.08472732455,671752.0847273245,1.0950493643466177,0.0006448542309375992,0.00012896083755345252,False,True,False,True
7975,3122069029,2014-06-19,270408.0,91.9740096,-366740.6626429558,637148.6626429558,1.03867572893513,0.0007117360140871699,0.0001280668924316309,False,True,False,True
15601,0619079016,2014-06-02,1555367.9999999998,408.77337600000004,2149150.666466318,-593782.6664663183,-0.9680311636489075,0.000815804603684564,0.00012751698119881284,False,True,False,True
10819,4139480350,2015-01-13,4470668.0,464.51520000000005,3843098.7098424286,627569.2901575714,1.023069010154315,0.0007303212237531262,0.00012749402175542558,False,True,False,True
1754,0254000445,2015-01-29,1246080.0,273.1349376,1856017.3601769954,-609937.3601769954,-0.9943435761161328,0.0007670906304328793,0.00012650323846095357,False,True,False,True
5195,3363900280,2015-03-11,2114341.7,112.4126784,1530774.3942706138,583567.3057293864,0.951386202661969,0.0008345467533525516,0.0001260014983579529,False,True,False,True
14567,7146400040,2015-03-12,1184498.0,353.03155200000003,1812166.3431098685,-627668.3431098685,-1.0232257855630003,0.0007211381717734042,0.00012592834199200552,False,True,False,True
9480,1931300665,2014-10-09,2032690.0,177.4448064,2517768.468633719,-485078.4686337188,-0.7909671902258124,0.0012052299512216418,0.0001258227995518083,False,True,False,True
529,3225079035,2014-06-18,3605440.0,562.063392,4141128.609497629,-535688.6094976291,-0.8733958115780468,0.0009854439075325495,0.00012540967781611543,False,True,False,True
1335,7841300505,2014-10-27,1089663.0,227.79825408000002,1651504.032299757,-561841.032299757,-0.9159928777571863,0.0008931994061184192,0.00012501710962895102,False,True,False,True
5490,9533600185,2015-04-01,3108266.0,157.935168,1220504.1268730536,1887761.8731269464,3.076443573881859,7.894084601450368e-05,0.00012453250350181555,True,False,False,True
12588,4139450760,2014-12-15,2492183.1336,435.71525760000003,3202095.812109567,-709912.6785095674,-1.1572048995768378,0.0005558291439957883,0.00012412293958468707,False,True,False,True
20968,3825310180,2014-10-07,2067268.0,375.3282816,2733602.086503491,-666334.0865034908,-1.0862096124307816,0.000630757415255416,0.00012411161270950874,False,True,False,True
2305,8698600055,2014-06-20,469980.0,156.0771072,1162012.4340025187,-692032.4340025187,-1.1280748092954305,0.000583999204359989,0.0001239340120845135,False,True,False,True
8154,4218400100,2014-09-11,4267120.0,414.3475584,3629033.8907086253,638086.1092913747,1.040187406869363,0.0006799532141459137,0.0001227005089954174,False,True,False,True
8503,4019300155,2014-08-21,2057446.02,309.36712320000004,2761493.14688424,-704047.1268842402,-1.147644122234603,0.0005566339422927967,0.00012225727697923067,False,True,False,True
2962,1720069006,2014-08-12,1079298.0,97.548192,427608.5836334601,651689.4163665399,1.062346653678107,0.0006490502221004613,0.00012216351816592732,False,True,False,True
21260,2424059163,2014-07-09,2745236.0000000005,504.46350720000004,3313130.404088922,-567894.4040889214,-0.9258430306141686,0.0008523824468158068,0.00012187884041189698,False,True,False,True
822,3121059033,2014-10-29,791245.0,138.4255296,128625.75588210672,662619.2441178933,1.0801483840501243,0.0006204669157888684,0.00012072682196693945,False,True,False,True
4004,0809002215,2014-05-19,1684858.2,313.08324480000005,2332700.8732051775,-647842.6732051775,-1.0560750032634592,0.0006473267113413488,0.00012040458514289827,False,True,False,True
20609,7853280370,2014-11-14,2103948.0,427.353984,2742820.1925837025,-638872.1925837025,-1.0414613061834512,0.0006654673667963996,0.00012037904570301106,False,True,False,True
7205,2927600630,2015-04-16,3009775.5,258.2704512,2321701.922350116,688073.5776498839,1.1216144057565445,0.0005713224656372327,0.00011985755157819097,False,True,False,True
403,3420069065,2014-08-25,821088.0,346.5283392,1295119.505180724,-474031.50518072397,-0.7729508121520575,0.0011968577038242792,0.000119320505576776,False,True,False,True
3926,4141800215,2014-11-26,3752898.5,350.2444608,3174637.37680462,578261.12319538,0.9427214859314376,0.0008047007925159185,0.00011928878281429453,False,True,False,True
4318,7639900025,2014-06-28,2362312.5,325.16064,2960135.475737959,-597822.9757379591,-0.974586828337429,0.0007519004852886303,0.00011911785351128585,False,True,False,True
3258,0540100057,2015-04-28,3496314.4,301.93488,2873082.657598257,623231.7424017428,1.0159780713704383,0.0006913129790957007,0.00011901246931202642,False,True,False,True
13958,8805900065,2014-11-12,2963800.0,398.5540416,3603140.843962036,-639340.8439620361,-1.0422148925972492,0.0006455452608270531,0.00011694198015875664,False,True,False,True
2060,6893300350,2014-06-02,995933.5999999999,130.99328640000002,1657369.5108888969,-661435.910888897,-1.078210072433533,0.0006031575061898643,0.00011693601313846156,False,True,False,True
18077,5457800930,2014-06-13,3787816.5,294.5026368,3248345.4967982173,539471.0032017827,0.8795254031861133,0.0009007359408480294,0.00011623431966242743,False,True,False,True
11675,0046100350,2014-06-30,3810325.0,464.51520000000005,3150565.6426867917,659759.3573132083,1.0754760012631868,0.0006010897463210106,0.00011594463165661418,False,True,False,True
16267,1556200005,2014-06-03,1918793.8,236.90275200000002,2498879.7211057395,-580085.9211057394,-0.9456818381602269,0.0007739323324739977,0.0001154457851559382,False,True,False,True
20045,3438500037,2015-04-05,1716314.0,156.0771072,1177713.518205896,538600.481794104,0.8781021065302315,0.0008915336025065886,0.00011467371047834813,False,True,False,True
11286,5078400160,2014-06-05,4085099.9999999995,408.77337600000004,3417207.0044106245,667892.995589375,1.0887228630744428,0.000579407591718107,0.00011453001659602157,False,True,False,True
1588,2954400400,2014-11-12,2938250.0,440.3604096,3605584.352887824,-667334.3528878242,-1.0878059808447296,0.0005679292322391394,0.00011207082677799641,False,True,False,True
17565,2254502070,2014-11-05,1289860.0,209.9608704,1906148.43884667,-616288.4388466701,-1.0046449356234932,0.0006628213721486225,0.00011157281918406064,False,True,False,True
15520,1250200595,2014-07-24,956992.4,134.709408,1566098.388170518,-609105.988170518,-0.9929434291401203,0.0006768968235966793,0.000111304906771695,False,True,False,True
8476,4139490210,2014-07-30,2884439.5,379.04440320000003,3449422.866697058,-564983.3666970581,-0.9210655481164278,0.0007838372095211703,0.00011091652416950571,False,True,False,True
4556,5595900090,2014-06-09,558400.0,234.11566080000003,1184768.4391814917,-626368.4391814917,-1.0210635509799497,0.0006367178805420093,0.00011070773196946643,False,True,False,True
5322,1443500305,2014-10-13,466474.577,144.9287424,1124782.7021873817,-658308.1251873816,-1.0730965369960128,0.0005753743161489334,0.00011049096379144533,False,True,False,True
5775,6817850050,2015-02-17,2299752.0,304.72197120000004,2939534.293550916,-639782.293550916,-1.0429103521577274,0.0005992332824758106,0.00010869234408092954,False,True,False,True
17314,3585901025,2014-06-13,3877204.5,400.41210240000004,3247588.8045836613,629615.6954163387,1.0263464679236631,0.0006161900567580696,0.00010824780785938142,False,True,False,True
13483,4128500210,2014-05-13,2154847.5,324.2316096,2795797.659812115,-640950.1598121151,-1.0448106228908556,0.0005925942981548898,0.00010787947242082689,False,True,False,True
10953,0853600310,2014-08-28,3622338.9999999995,565.3149984,4125705.206650868,-503366.2066508685,-0.8206843438870572,0.0009550774046699795,0.0001073135594987639,False,True,False,True
13772,1795800040,2014-09-03,3013065.0,498.88932480000005,3525765.1643997803,-512700.16439978033,-0.8358854302812793,0.0009146181587422995,0.00010660546661263346,False,True,False,True
10178,1621069045,2015-01-05,1626420.0,359.5347648,2256355.1595194414,-629935.1595194414,-1.026861728222057,0.0006054782063568478,0.00010647171174821473,False,True,False,True
5109,4180300050,2014-08-01,904280.0,311.225184,1538600.9092339799,-634320.9092339799,-1.034005924959103,0.0005957265481965242,0.00010621859602288879,False,True,False,True
9956,7215720070,2014-08-06,2848750.0,464.51520000000005,3398425.7514725477,-549675.7514725477,-0.8961141708054804,0.0007925362544692924,0.00010615462209113152,False,True,False,True
3710,0822069112,2015-04-23,4061340.0,485.88289920000005,3510186.7375213057,551153.2624786943,0.8985196802233223,0.0007853810626144778,0.00010576100845074876,False,True,False,True
19158,1020069042,2014-10-01,2112653.4,405.9862848,2691325.6129954904,-578672.2129954905,-0.9433460296285973,0.0007080070066580665,0.00010508384363446334,False,True,False,True
11608,4139910030,2015-03-02,3725150.0,387.40567680000004,3135923.9082792774,589226.0917207226,0.9605343254182532,0.0006735948339633546,0.00010364919013733484,False,True,False,True
15351,0930000415,2014-12-04,2154049.5,374.39925120000004,2794666.35794916,-640616.85794916,-1.0442523576151386,0.0005639760875419154,0.00010255701448220407,False,True,False,True
8735,0117000001,2014-05-27,1207116.0,182.0899584,1605496.5579835102,-398380.5579835102,-0.6496787895691012,0.001453953552580857,0.0001024303278419675,False,True,False,True
20473,0323079101,2015-01-23,4654080.0,591.7923648000001,4255754.968252659,398325.03174734116,0.6495883011998101,0.0014541496541228272,0.00010241562801188916,False,True,False,True
4659,9521101015,2014-06-26,1601452.5,288.9284544,2233418.5963306576,-631966.0963306576,-1.030157304825314,0.0005762423897571096,0.00010197914732618582,False,True,False,True
12818,5700000180,2014-12-08,1970147.9999999998,364.1799168,2460939.4017543197,-490791.4017543199,-0.800181755488831,0.0009532685244801974,0.00010182525114312097,False,True,False,True
7547,1323059143,2015-04-23,2752686.0,487.74096000000003,3320392.2782627866,-567706.2782627866,-0.9254698077740651,0.0007087464062690181,0.00010124464065109158,False,True,False,True
2922,4232400110,2014-11-11,2884950.0,177.4448064,2312214.506465398,572735.4935346022,0.9336607492673843,0.0006923895955578321,0.00010066495208556802,False,True,False,True
4132,1798000100,2014-05-29,1669937.5499999998,201.5995968,2245865.105959229,-575927.5559592294,-0.9388594300577198,0.0006818545893202135,0.00010023926873718791,False,True,False,True
11980,7228501805,2014-09-24,1778773.0,371.61216,2205547.799867727,-426774.79986772686,-0.6959093791714693,0.0012395019816164917,0.00010017053593247263,False,True,False,True
1213,8691500990,2014-12-12,1221668.0,389.2637376,1656132.9052584246,-434464.9052584246,-0.7084333641242444,0.0011952667609441028,0.00010009929368059386,False,True,False,True
14421,0629800540,2014-09-09,3421950.0,466.3732608,3974712.3985864,-552762.3985863999,-0.9011219400404987,0.0007387190125368323,0.00010004976986835254,False,True,False,True
17879,2420069003,2015-03-31,959192.0,150.50292480000002,336209.8765166104,622982.1234833896,1.01551326248071,0.0005773853799187767,9.929709871718527e-05,False,True,False,True
20232,7548800050,2015-04-21,1676015.0,146.7868032,1137347.366045475,538667.633954525,0.8781529546061962,0.0007581115509961824,9.751054095047257e-05,False,True,False,True
10024,3339900640,2014-06-20,447600.0,114.27073920000001,987877.5113194883,-540277.5113194883,-0.8807753401073916,0.0007533754071478854,9.748050995325102e-05,False,True,False,True
15700,3582900280,2014-06-06,2513840.0,408.77337600000004,3128034.1597151756,-614194.1597151756,-1.0011882672026768,0.0005776346405193325,9.655714553942006e-05,False,True,False,True
1533,2864600105,2014-06-24,1819572.2999999998,197.88347520000002,2268108.03289745,-448535.7328974502,-0.7313353945456925,0.0010813738225117922,9.650008050022327e-05,False,True,False,True
2335,2346800270,2015-01-06,1499776.5,271.2768768,2065369.843172267,-565593.3431722671,-0.9220108465319324,0.0006773741067909421,9.6038126813665e-05,False,True,False,True
9204,7853310150,2014-07-22,1383062.5,301.00584960000003,1830328.4225609452,-447265.92256094515,-0.7292646041852974,0.0010803585477246799,9.586418390092539e-05,False,True,False,True
16921,0293800680,2015-04-15,2911626.9,396.69598080000003,3523305.6501114964,-611678.7501114965,-0.9970860974713794,0.0005739460424085477,9.515562586773172e-05,False,True,False,True
11020,7153200160,2015-01-14,3614964.92,320.515488,3083442.398842402,531522.5211575981,0.8665017301891716,0.0007511085894444328,9.406253338687745e-05,False,True,False,True
102,1952200240,2014-06-11,1897946.4810000001,192.3092928,2435908.877702914,-537962.396702914,-0.8769920076448234,0.0007324818722068789,9.396262284650463e-05,False,True,False,True
17248,4141010050,2015-01-21,3344678.4,301.00584960000003,2763707.8393689618,580970.5606310382,0.9470548400412009,0.0006279518557277871,9.392866620878269e-05,False,True,False,True
16901,3365900462,2014-09-03,591453.5,160.72225920000002,1103679.5071708038,-512226.00717080384,-0.835067039036589,0.0008061133354297853,9.37643551121125e-05,False,True,False,True
3525,3880900245,2015-02-02,1882580.0,259.1994816,2477203.2147288322,-594623.2147288322,-0.969295613237078,0.0005975066106168126,9.361889915094589e-05,False,True,False,True
16532,2114700500,2015-04-18,274896.0,52.0257024,-328613.8712262213,603509.8712262213,0.9837730897797305,0.0005798974281747441,9.359264671433358e-05,False,True,False,True
14093,1822059057,2014-07-25,338853.6,65.032128,-240854.71580715477,579708.3158071548,0.9449973483840636,0.000628217576380723,9.356058520498711e-05,False,True,False,True
1346,6300000335,2015-04-29,2144236.9375,300.07681920000005,2748625.7027065083,-604388.7652065083,-0.985203867662162,0.0005760526692349562,9.324239233182017e-05,False,True,False,True
2854,7202331220,2014-07-21,1412113.0000000002,360.46379520000005,1857530.31922511,-445417.3192251099,-0.7262423474035432,0.0010580228165229556,9.31036394697738e-05,False,True,False,True
9555,9320100090,2014-06-10,4002132.0,489.5990208,3479309.466263786,522822.53373621404,0.8523260682664285,0.0007681832245454816,9.308053212293261e-05,False,True,False,True
4108,7701450110,2014-08-15,2355222.0,350.2444608,2944884.525691785,-589662.5256917849,-0.9612120065304721,0.0006033604707089179,9.296641686647915e-05,False,True,False,True
10722,4139430810,2014-08-01,2061758.4,276.75815616,2628689.295032747,-566930.8950327472,-0.9241793545351272,0.0006515888283969828,9.281495915617627e-05,False,True,False,True
9638,5101406384,2014-10-20,1410627.3,132.85134720000002,1993071.577818811,-582444.2778188109,-0.9494518020174043,0.0006166223496041562,9.27004272690033e-05,False,True,False,True
9983,1824069083,2015-04-29,2452812.5,284.2833024,1898160.7875247374,554651.7124752626,0.9041732389026123,0.0006753029334951425,9.207549518642132e-05,False,True,False,True
9927,3623500049,2015-05-01,3592320.0,215.53505280000002,1650405.7429852039,1941914.2570147961,3.164655973460842,5.458797132639907e-05,9.112182781590638e-05,True,False,False,True
15694,6117502230,2014-12-01,4195930.0,432.9281664,3734702.9617793187,461227.03822068125,0.7519797231131828,0.000951759527081833,8.97845857880773e-05,False,True,False,True
17776,1525039057,2014-07-02,1150968.0,138.4255296,1650178.784934923,-499210.78493492305,-0.8138484686813756,0.000805535804558514,8.899603956637136e-05,False,True,False,True
14252,2320069107,2014-08-22,421393.0,76.18049280000001,-151066.99632079154,572459.9963207915,0.9331743091486515,0.0006124355178759797,8.894073737298641e-05,False,True,False,True
12300,4139460390,2014-06-20,2226810.0,357.67670400000003,2824459.423769936,-597649.423769936,-0.9742099234620506,0.0005591089054374993,8.848978568117038e-05,False,True,False,True
17662,6848200325,2014-09-04,1397249.9999999998,208.1028096,1961191.7808636874,-563941.7808636876,-0.9192946123477089,0.0006253817805583111,8.814041456250888e-05,False,True,False,True
12845,9826701345,2014-07-15,1105311.0,150.50292480000002,1660352.9838856086,-555041.9838856086,-0.9047954388064502,0.0006443630372968178,8.797516869011709e-05,False,True,False,True
8789,3333001430,2014-09-12,1183475.9,197.88347520000002,1733247.823319599,-549771.9233195991,-0.8962094702661719,0.0006554276963365163,8.779652737320249e-05,False,True,False,True
17661,0620079042,2015-03-23,1176600.0,219.25117440000002,664280.77409067,512319.22590932995,0.8351961565405256,0.0007514287895904609,8.742588113189807e-05,False,True,False,True
11705,1352300520,2015-01-13,778659.0,155.1480768,1333296.1297683418,-554637.1297683418,-0.9041332818479278,0.0006395248758711575,8.718643804930244e-05,False,True,False,True
13547,4054530210,2015-02-18,2547328.0,330.73482240000004,3114495.9164808914,-567167.9164808914,-0.9245462717185886,0.000609515042273058,8.688709369591983e-05,False,True,False,True
3537,3793501450,2014-09-10,1079449.0,358.6057344,1546449.2692432627,-467000.2692432627,-0.7613718810901433,0.0008980719558540594,8.68447869983787e-05,False,True,False,True
3319,2821049048,2014-06-03,1336586.0,219.25117440000002,1690289.1811395958,-353703.1811395958,-0.5768445748718354,0.0015426723106187548,8.568613435024633e-05,False,True,False,True
16839,4441300170,2015-01-12,3454750.0000000005,288.9284544,2901089.9543557838,553660.0456442167,0.9025330535642826,0.0006230274737057673,8.46355540760594e-05,False,True,False,True
18204,3204300455,2014-08-22,3154753.0,272.2059072,2634133.657653086,520619.3423469141,0.8487061970492605,0.0007019178390312124,8.432468398785984e-05,False,True,False,True
4583,5460600110,2015-04-23,3158820.0,493.3151424,3667653.162552446,-508833.1625524461,-0.8295033092223899,0.0007278757183789286,8.353307228825751e-05,False,True,False,True
15582,3959400345,2015-03-11,1836999.9000000001,327.01870080000003,2382818.2177426964,-545818.3177426963,-0.8897531284812735,0.0006298630398351643,8.315867369237801e-05,False,True,False,True
17500,2464400280,2015-05-04,2183534.0,264.773664,2641866.6805215627,-458332.6805215627,-0.7472363317615611,0.000886350366229023,8.255725520218493e-05,False,True,False,True
3340,1959701745,2014-11-07,4308267.5,456.15392640000005,3914332.4942944795,393935.0057055205,0.6423458855380038,0.0011955743020423293,8.231571531568312e-05,False,True,False,True
11576,1336800240,2014-05-08,3868725.0,326.08967040000005,3404831.4018981606,463893.5981018394,0.7562934733238159,0.0008625094121967672,8.229397540041088e-05,False,True,False,True
1894,9265700045,2014-06-24,666509.9999999999,199.74153600000002,1200690.7300351188,-534180.7300351189,-0.8707908007506705,0.0006491830253821176,8.209668066919854e-05,False,True,False,True
18168,3664500300,2014-11-06,582475.0,136.5674688,114148.71013879031,468326.2898612097,0.7635128678507418,0.0008434120216238352,8.201394487374678e-05,False,True,False,True
4221,0274100090,2015-01-08,886981.0499999999,305.65100160000003,1421727.0302724838,-534745.9802724839,-0.8717084595179677,0.0006405165556857481,8.117081235821974e-05,False,True,False,True
16040,4139420430,2014-06-11,3044905.5,391.12179840000005,3529907.295242265,-485001.79524226487,-0.7906724288079555,0.0007763502234509161,8.095373996978386e-05,False,True,False,True
3135,9547202265,2015-04-27,2894364.0,228.54147840000002,2405492.0243344903,488871.9756655097,0.7969726654110375,0.0007535036107398727,7.982672380451444e-05,False,True,False,True
4032,1972205338,2015-04-18,1679919.9999999998,134.709408,1165140.5722174495,514779.4277825502,0.8391766986450427,0.0006796417413715145,7.982352297251727e-05,False,True,False,True
15435,2254501440,2015-04-21,1663825.8,166.2964416,2088945.1607629359,-425119.36076293583,-0.6931228337970862,0.0009883386509816506,7.921444503658906e-05,False,True,False,True
2238,4139420370,2014-08-11,4009103.9999999995,562.5279072000001,4426585.293252625,-417481.29325262504,-0.6806815452866656,0.00102345833357354,7.911367855385259e-05,False,True,False,True
17649,3754501240,2015-02-06,4284355.0,475.6635648,3740460.835804634,543894.1641953662,0.8866041459767764,0.000601980649578936,7.891368285932278e-05,False,True,False,True
3336,7792000025,2015-02-11,971584.0,295.4316672,1376987.924293004,-405403.924293004,-0.6610089863744937,0.0010807756702284552,7.878955822095395e-05,False,True,False,True
19858,7237501370,2014-07-17,2417283.7,445.934592,2972581.0263570696,-555297.3263570694,-0.9051804310535226,0.0005753562232674249,7.861507324612754e-05,False,True,False,True
15618,0809002705,2014-07-10,1772288.9,127.27716480000001,2163160.8642561883,-390871.96425618837,-0.637339635251711,0.0011589335878568318,7.855118924914722e-05,False,True,False,True
16450,3885803044,2014-09-02,4222687.5,539.7666624000001,3818833.6508904845,403853.84910951555,0.6584826120180046,0.0010838556490317987,7.841150429717272e-05,False,True,False,True
21178,3876900089,2015-04-30,2056648.1039999998,136.5674688,1589365.705526568,467282.3984734318,0.7617981177505593,0.0008095919006156399,7.836938498142034e-05,False,True,False,True
15672,8141200080,2014-08-14,1543804.0000000002,235.04469120000002,2081837.8364108726,-538033.8364108724,-0.8770532195658668,0.0006065804624504962,7.781307468423426e-05,False,True,False,True
16991,7871500280,2015-04-13,3023572.5,209.03184000000002,2473928.1020035893,549644.3979964107,0.8959671895087826,0.0005786977589924275,7.74704645444168e-05,False,True,False,True
16775,1630700380,2015-01-30,5111616.0,718.1404992,5405980.813783094,-294364.8137830943,-0.48018242253455107,0.002004740907988526,7.719533221291596e-05,False,True,False,True
19564,3271800910,2014-07-01,2992551.3680000002,396.69598080000003,3539532.892919667,-546981.5249196668,-0.891627310591518,0.0005805607572367522,7.696891395839787e-05,False,True,False,True
20241,6127000480,2014-09-18,1704096.0,384.6185856,2245711.6867005527,-541615.6867005527,-0.882884060059908,0.0005885548830489463,7.650657324182798e-05,False,True,False,True
8144,1853000300,2015-02-24,2506787.5,303.7929408,3054658.728170432,-547871.2281704322,-0.8930751125483419,0.0005749844313479077,7.647695602255797e-05,False,True,False,True
2323,2622059062,2014-10-15,1798168.2,414.3475584,2348828.4583278745,-550660.2583278746,-0.8976185935189973,0.0005685993674576922,7.639867240831193e-05,False,True,False,True
15562,1326059182,2015-04-06,3367841.4,520.257024,3766644.8730052263,-398803.47300522635,-0.6502475560187603,0.001082530271748882,7.636891985176179e-05,False,True,False,True
2751,2795000060,2014-12-22,1916575.7499999998,343.74124800000004,2464536.0202151537,-547960.2702151539,-0.893214749213615,0.0005626558570447915,7.485965000371494e-05,False,True,False,True
19621,6817850110,2015-04-21,2392130.5,298.2187584,2918702.15185827,-526571.6518582702,-0.8583697009948376,0.0006090936627662256,7.484213981200019e-05,False,True,False,True
19711,3575303430,2014-10-16,1932060.0,400.41210240000004,2383704.955341503,-451644.955341503,-0.7363112760190252,0.000827145257488001,7.480193107845005e-05,False,True,False,True
9117,1568100300,2015-01-21,1772316.0,325.16064,2140813.5428028256,-368497.54280282557,-0.6008759106563365,0.0012223672408574297,7.364635054019227e-05,False,True,False,True
16301,0472000895,2014-09-22,2523059.0,418.9927104,2969441.005069457,-446382.005069457,-0.7277327787966245,0.0008316118153356162,7.346400305401947e-05,False,True,False,True
19685,1624049293,2014-05-06,870558.0000000001,268.4897856,1384087.6792886853,-513529.6792886852,-0.8371145389786637,0.0006202860712221977,7.249032029158833e-05,False,True,False,True
1068,3340401535,2014-11-05,352352.0,67.8192192,-172910.09687877446,525262.0968787745,0.8562268846670761,0.0005901902572664312,7.21564067240626e-05,False,True,False,True
15360,5316100255,2014-09-04,2338996.5,216.4640832,2746054.9395039305,-407058.4395039305,-0.6636702508755317,0.0009711562537153291,7.136159280256967e-05,False,True,False,True
19066,2320069014,2014-07-09,1095880.5,247.12208640000003,1616428.6985904276,-520548.19859042764,-0.8485406347664206,0.0005851258056993047,7.02582749211914e-05,False,True,False,True
13943,3920900220,2014-12-15,721225.415,222.03826560000002,1251550.830043599,-530325.415043599,-0.864467357714425,0.0005596358795402698,6.974203454856553e-05,False,True,False,True
4857,6181430280,2014-09-15,772233.0,334.17223488,1206737.424950704,-434504.424950704,-0.7083688852367251,0.0008316797655726176,6.96121717070116e-05,False,True,False,True
19854,2517000260,2014-05-22,730323.0,292.64457600000003,1250804.1780037954,-520481.17800379544,-0.8484285498540145,0.0005784460646032427,6.943740105190186e-05,False,True,False,True
8268,5409000110,2015-05-06,1183338.0,330.73482240000004,1544653.9495334849,-361315.9495334849,-0.5891568917815386,0.0011930779368462124,6.910316599491481e-05,False,True,False,True
18009,1025049254,2014-12-04,1181502.5999999999,129.1352256,1534744.4796487987,-353241.87964879884,-0.5760071043218444,0.0012474612068959553,6.906747547758202e-05,False,True,False,True
14404,1623300325,2014-10-21,2477220.3,261.05754240000005,2886340.725164816,-409120.42516481597,-0.66701769344291,0.0009279310305255065,6.887194350269296e-05,False,True,False,True
4474,7504050090,2015-04-12,2217312.0,261.98657280000003,2697749.1407251805,-480437.1407251805,-0.783190375129298,0.0006728972762158884,6.883741246005772e-05,False,True,False,True
6107,1775500050,2015-01-29,1142240.0,107.76752640000001,619227.5743215755,523012.42567842454,0.8525501945633953,0.0005678859628634597,6.883296842530957e-05,False,True,False,True
2568,3037200060,2014-09-26,1213069.0,162.58032,1714747.9597379416,-501678.9597379416,-0.8177914898484371,0.0006081515132844743,6.782814068390105e-05,False,True,False,True
5617,4307330050,2014-07-21,978249.6200000001,314.9413056,1473888.0226826668,-495638.40268266667,-0.8079497923780187,0.0006206945819356313,6.757173953421987e-05,False,True,False,True
2120,6762700340,2015-04-27,2490907.2,222.967296,2023429.5931810662,467477.606818934,0.7620708310985334,0.0006901957918069667,6.685156618394584e-05,False,True,False,True
6017,9551201660,2014-06-13,2301741.0,255.48336,2800154.8337586746,-498413.83375867456,-0.812465198436328,0.0005988533659987804,6.592329946368475e-05,False,True,False,True
18601,9424400110,2014-12-16,1986717.5,223.89632640000002,1540751.3643149212,445966.1356850788,0.727023666928799,0.0007460620902005849,6.577259113100704e-05,False,True,False,True
8485,3491300082,2015-01-27,2064694.191,235.9737216,2471476.567784108,-406782.3767841081,-0.6631949733417237,0.0008952828690930183,6.568715711354858e-05,False,True,False,True
16595,8615800500,2014-08-14,1986512.5000000002,261.98657280000003,2485469.3980667815,-498956.8980667812,-0.8133488282612802,0.0005948717644772218,6.562725243659706e-05,False,True,False,True
21311,6056110460,2015-04-14,2065872.0,152.36098560000002,1604709.1657365933,461162.8342634067,0.7517784973566158,0.0006951344660461453,6.552384423473247e-05,False,True,False,True
15935,7443000514,2015-03-10,1643197.5,127.27716480000001,1194310.9047481567,448886.59525184333,0.7317784517251219,0.0007290976029395088,6.511940330108168e-05,False,True,False,True
9197,7935000625,2015-04-09,2970435.0,235.04469120000002,2460137.5270241797,510297.4729758203,0.8318222338546801,0.0005640007853483821,6.50780481388008e-05,False,True,False,True
38,9435300030,2014-05-28,1232275.0,154.2190464,727208.040033944,505066.95996605605,0.8233006871831017,0.0005751019723321225,6.500704095547546e-05,False,True,False,True
2478,2620069195,2014-11-04,856630.0,198.8125056,1329096.4851718396,-472466.4851718396,-0.7701896302628912,0.0006539925323463813,6.469950995974237e-05,False,True,False,True
3765,3026079055,2014-08-26,1361695.28,322.37354880000004,1824820.2244225293,-463124.9444225293,-0.7549713950896508,0.0006800574476878186,6.46473594468304e-05,False,True,False,True
20594,4215270070,2014-06-06,2177142.555,385.547616,2674086.1643925086,-496943.6093925084,-0.810062898983664,0.0005848274287181985,6.399823960560878e-05,False,True,False,True
5671,1338600185,2014-06-24,2571395.5799999996,254.55432960000002,2987115.1954147145,-415719.6154147149,-0.6777449530918681,0.0008339908016330531,6.390060110031919e-05,False,True,False,True
15239,1241500351,2014-09-29,2528218.1999999997,381.83149440000005,2153180.1011659205,375038.0988340792,0.6114785798032837,0.0010184152252612731,6.352996951505942e-05,False,True,False,True
2216,2767800140,2015-03-13,2500460.0,169.0835328,2073286.6658919603,427173.33410803974,0.6963995026319542,0.0007812693786648846,6.3198371938883e-05,False,True,False,True
4703,1169000057,2014-10-06,2711025.0,287.99942400000003,3078141.007581912,-367116.007581912,-0.598571749642356,0.0010507763558939244,6.281278644955025e-05,False,True,False,True
7122,6055000430,2015-03-27,1525850.7000000002,405.9862848,1933385.5202373192,-407534.820237319,-0.6644061785956421,0.0008485576715030405,6.248361086905397e-05,False,True,False,True
20965,6058600220,2014-07-31,521501.99999999994,96.61916160000001,987256.5895647481,-465754.58956474817,-0.7592460667720078,0.0006482280836041729,6.23194062061543e-05,False,True,False,True
1835,6141600140,2014-09-04,1263114.0,250.838208,1646829.9197511673,-383715.9197511673,-0.6256063086461318,0.0009514391936667962,6.212199981317058e-05,False,True,False,True
8138,2597450620,2014-10-09,3614003.25,372.5411904,3146480.2864980623,467522.9635019377,0.7621258773509807,0.0006406493227183573,6.205844032924321e-05,False,True,False,True
12607,2862100366,2014-10-15,1775068.0,288.9284544,2275639.809959337,-500571.8099593371,-0.8159664593837197,0.0005585334124739889,6.20133450857616e-05,False,True,False,True
7368,8917100020,2014-06-06,2581175.0,201.5995968,2113308.9492973536,467866.0507026464,0.7626845507071025,0.0006390629438858412,6.199546387859865e-05,False,True,False,True
11704,0016000200,2014-10-24,620125.0,152.36098560000002,1107893.3821937218,-487768.38219372183,-0.7951037057478646,0.0005779255493763846,6.092832819424601e-05,False,True,False,True
10423,0007600125,2014-12-18,1680588.0000000002,280.5671808,2099364.072051488,-418776.07205148763,-0.6827106102329623,0.0007834574757399953,6.090849492249987e-05,False,True,False,True
6100,1424059022,2014-07-08,2547250.0,355.8186432,3021707.830574788,-474457.83057478815,-0.7734176806961633,0.0006071282302809533,6.056491630151291e-05,False,True,False,True
20471,2902201301,2014-12-16,1822162.4849999999,109.62558720000001,1445567.8883473352,376594.5966526647,0.6139991240667233,0.0009623213553995734,6.052328728248056e-05,False,True,False,True
19321,4083302225,2014-10-14,2039234.9999999998,236.90275200000002,2473281.862026453,-434046.86202645325,-0.7075849168728267,0.0007243377024311714,6.0486946943283576e-05,False,True,False,True
8223,4307350730,2014-11-13,1301685.0,360.46379520000005,1695295.83513847,-393610.83513846993,-0.6417159244820826,0.0008799858730291733,6.0449459825468206e-05,False,True,False,True
19971,5457801833,2015-01-27,2193765.0,149.66679744,1753704.8682078645,440060.13179213554,0.7173801723047961,0.0007031624955901486,6.03543634035016e-05,False,True,False,True
3067,4473400195,2014-07-16,2108335.0,250.838208,2573917.6446447372,-465582.64464473724,-0.7589580815252623,0.0006279748344239396,6.032528480155643e-05,False,True,False,True
13198,5493100366,2014-06-25,3748840.0,543.482784,4115424.5610295385,-366584.5610295385,-0.5976936235256698,0.001011939743551251,6.031153059167929e-05,False,True,False,True
13831,1604600085,2014-07-11,889120.0,187.6641408,1379630.4584317654,-490510.45843176544,-0.7995680223531433,0.0005641772335148757,6.014786665728695e-05,False,True,False,True
13635,3528900401,2014-07-01,3616856.0,291.71554560000004,3234274.112321444,382581.88767855614,0.6237474414470864,0.0009195541291244589,5.9681969158470693e-05,False,True,False,True
10134,2324800350,2014-05-06,1919692.0000000002,347.45736960000005,2386704.3808986545,-467012.3808986542,-0.7612830797064679,0.0006131376915529015,5.9260523348838264e-05,False,True,False,True
5786,5707500050,2014-07-18,1653390.3750000002,245.26402560000002,2102035.62502037,-448645.25002036965,-0.7313611775597266,0.0006639744116332427,5.9231448715524484e-05,False,True,False,True
17097,4217401365,2014-12-10,3824822.5000000005,341.8831872,3363043.3143956214,461779.18560437905,0.7527569249989559,0.0006252095534420737,5.908204025137996e-05,False,True,False,True
6282,6850700670,2014-05-13,1766311.9200000002,268.4897856,2211578.8912580386,-445266.9712580384,-0.7258570260387801,0.0006721402518075931,5.906127646131474e-05,False,True,False,True
15232,3754501205,2015-04-29,3187187.5,263.8446336,2743541.7896587476,443645.7103412524,0.7232151144063077,0.0006749185270685208,5.887464476202442e-05,False,True,False,True
16891,7942601435,2015-03-24,2614385.0,330.73482240000004,3047340.572909549,-432955.5729095489,-0.7057967051549124,0.0006983209369122948,5.80184936497856e-05,False,True,False,True
15594,5093300280,2014-07-09,3721565.9000000004,448.72168320000003,3415798.2449982762,305767.65500172414,0.49863173823506335,0.0013979555780146628,5.8010887060836266e-05,False,True,False,True
2786,3601200465,2015-01-23,879104.0,327.66902208000005,1317709.7892100662,-438605.7892100662,-0.7150010276839538,0.0006799767733000357,5.797644350444355e-05,False,True,False,True
12201,9275702405,2015-01-14,2661533.0,335.37997440000004,3077822.061084926,-416289.0610849261,-0.6786463688691301,0.0007546392780631486,5.796996983895921e-05,False,True,False,True
7265,6905200050,2014-10-09,1450144.96,167.22547200000002,1909721.7641840875,-459576.80418408755,-0.7491626581851114,0.0006142335944394318,5.749120341646153e-05,False,True,False,True
21550,8835770330,2014-08-19,2387445.9000000004,220.1802048,2057199.582136251,330246.31786374934,0.5384927386258249,0.0011840533935111724,5.729203805597958e-05,False,True,False,True
13575,1251200155,2014-09-11,2288000.0,277.7800896,2721958.750497222,-433958.75049722195,-0.7074274707764506,0.0006853330934045859,5.7202107812919466e-05,False,True,False,True
6943,1026069120,2014-05-08,1304091.9300000002,293.5736064,1773030.898594156,-468938.96859415574,-0.7644127116519371,0.0005845730064854698,5.696357780055562e-05,False,True,False,True
6374,9222400605,2015-04-11,2617660.0,276.8510592,2283559.242592782,334100.7574072182,0.5447669053376112,0.001144443398706358,5.667112194240523e-05,False,True,False,True
7815,1689400375,2014-08-05,3299620.0,287.99942400000003,2822365.3268587813,477254.6731412187,0.7779575331389543,0.0005575302714448198,5.6269257330719355e-05,False,True,False,True
16846,8823900290,2015-03-17,4575620.0,429.2120448,4250245.181478947,325374.8185210526,0.530551858871582,0.0011934105767275665,5.605481379447425e-05,False,True,False,True
15168,3304700130,2015-01-28,4527373.5,358.6057344,4248420.40697962,278953.09302037954,0.45495341616439955,0.0016157903021523298,5.5830292607614976e-05,False,True,False,True
2783,5701500030,2014-06-01,3369695.0,323.3025792,2908776.3459853604,460918.65401463956,0.7513419826014411,0.0005928342811127741,5.581037141935848e-05,False,True,False,True
19256,8812401450,2014-12-29,1767678.0,271.2768768,2220666.228442982,-452988.22844298184,-0.7384220703642697,0.0006129960892261518,5.574194175665608e-05,False,True,False,True
19341,3019300090,2014-07-23,1187807.0,237.8317824,1556017.8654727563,-368210.8654727563,-0.6003157196974392,0.0009137771683709068,5.4934542704078616e-05,False,True,False,True
21005,2767704251,2015-04-16,1556916.03,121.70298240000001,1111670.1041815504,445245.9258184496,0.7258040529135007,0.0006207397229668361,5.453392206974055e-05,False,True,False,True
6225,5445300050,2015-04-08,2072044.8,104.9804352,1603270.497539468,468774.30246053194,0.7641337580732569,0.0005570205520350939,5.4237632020403124e-05,False,True,False,True
11313,2158900140,2014-09-05,1557912.0,221.1092352,1912792.1122619584,-354880.1122619584,-0.5785961291464826,0.0009632181956439972,5.3795134451333614e-05,False,True,False,True
20713,1934800193,2015-03-06,1609398.0,143.99971200000002,1164657.5052427351,444740.49475726485,0.7249774183014931,0.0006132362788008423,5.375166911990013e-05,False,True,False,True
16342,6146600170,2014-07-03,222810.0,61.316006400000006,-214268.05297271907,437078.0529727191,0.7124943911922885,0.0006346170271985217,5.372780124830035e-05,False,True,False,True
4763,7550801206,2014-09-04,1395014.4,143.0706816,1747819.54326763,-352805.14326763013,-0.5752136804661577,0.0009652273183119648,5.3279012015450154e-05,False,True,False,True
17714,2929600035,2014-06-27,900974.9999999999,251.76723840000002,1357448.8359699026,-456473.8359699027,-0.7440902904256745,0.0005761555557803003,5.3197358980770774e-05,False,True,False,True
11235,2655500241,2014-08-14,3857239.7,386.47664640000005,3466081.2628329843,391158.43716701586,0.6376853449766106,0.0007785830412425556,5.2808621160585174e-05,False,True,False,True
13800,3585900150,2014-05-19,2211100.0,225.75438720000002,2649829.65733435,-438729.65733435005,-0.7151805287673467,0.0006173077143147229,5.2656258138364375e-05,False,True,False,True
13845,8122100355,2014-09-24,1323850.0,267.5607552,1755639.761011839,-431789.7610118389,-0.7038740567308281,0.0006353924783201411,5.2499693853585244e-05,False,True,False,True
13930,7228501065,2014-06-26,1656675.0,162.58032,2036601.5869070366,-379926.5869070366,-0.6193871955435702,0.000819089307830906,5.241557136164131e-05,False,True,False,True
12529,9297301065,2014-10-29,1521625.0,167.22547200000002,1948342.4998549297,-426717.49985492975,-0.6956085868280076,0.0006439619057808117,5.1965912135940056e-05,False,True,False,True
20075,9528101214,2014-10-24,1612325.0,138.79714176000002,1197238.5338140577,415086.4661859423,0.6766604592951634,0.000679605552631659,5.189703136186832e-05,False,True,False,True
14583,6929602721,2015-04-08,292923.0,89.18691840000001,-118223.00254410505,411146.00254410505,0.6702397527757801,0.0006882806250596372,5.156721524642595e-05,False,True,False,True
4551,0853000261,2014-06-19,445046.5,123.56104320000001,831997.9975827262,-386951.4975827262,-0.6308261524299865,0.0007759321144245532,5.150257816181928e-05,False,True,False,True
18258,2225039103,2014-06-26,3065511.42,230.39953920000002,2638830.8365566656,426680.5834433343,0.695545890302869,0.00063672716271621,5.137245492723922e-05,False,True,False,True
10086,4141000060,2014-12-05,3177752.0,295.4316672,2752909.174112797,424842.8258872032,0.6925498351084357,0.0006359570015781277,5.0869192486337996e-05,False,True,False,True
7271,4139470010,2014-10-06,3891827.0000000005,394.83792000000005,3512682.8424343243,379144.15756567614,0.6181043601355942,0.0007956317363452918,5.0702589219223065e-05,False,True,False,True
18925,0809002290,2014-05-19,2631209.0,208.1028096,2203049.8092713654,428159.1907286346,0.6979513419897628,0.0006227690796932811,5.0593722473018526e-05,False,True,False,True
6563,1025039292,2014-10-30,3225916.25,269.418816,2812355.01559525,413561.23440475017,0.6741688135396875,0.000664004274073521,5.0332141720063756e-05,False,True,False,True
6467,2877104175,2014-09-10,2960446.3,298.2187584,3305688.8200958073,-345242.5200958075,-0.5628764970537222,0.0009400990488667069,4.968863482615952e-05,False,True,False,True
9454,2769600590,2014-10-16,2229300.0,373.47022080000005,2639140.02417136,-409840.02417135984,-0.6681018507503196,0.0006615684604949976,4.92488736550006e-05,False,True,False,True
8693,0726059048,2014-09-26,1192405.5,278.70912000000004,1590545.077416703,-398139.5774167031,-0.6490410387638256,0.00070068825126543,4.9229147249119445e-05,False,True,False,True
11681,3303990030,2014-10-27,2128644.0,282.4252416,2556542.48053547,-427898.48053546995,-0.697520096574902,0.0006048417019036741,4.9075720550675516e-05,False,True,False,True
13466,3420069060,2014-11-07,2031958.9999999998,245.26402560000002,1658747.695780933,373211.30421906686,0.6084317981840306,0.0007941345013747006,4.903561718846341e-05,False,True,False,True
10513,1068000520,2014-05-06,2734445.0,324.2316096,3168552.3283859193,-434107.32838591933,-0.7076346770479235,0.0005864737697232102,4.8974536394337566e-05,False,True,False,True
20103,3574770100,2015-01-16,1440615.0,339.09609600000005,1770727.0602060184,-330112.0602060184,-0.5382268032117,0.0010095393596767643,4.879117838102144e-05,False,True,False,True
19387,2420069042,2015-04-24,713880.0,144.27842112000002,1057159.8663903326,-343279.8663903326,-0.5596741659239189,0.0009313171867521008,4.866553958363411e-05,False,True,False,True
17833,7960100120,2014-06-12,1338360.0,137.49649920000002,1781523.613863483,-443163.6138634831,-0.7223871834524563,0.0005586162205519513,4.861217221836018e-05,False,True,False,True
15837,5317100780,2014-05-12,2881320.0,216.4640832,2526117.7938590497,355202.2061409503,0.5790933265089045,0.0008667988949901707,4.848873209266506e-05,False,True,False,True
19233,1853000530,2015-03-12,3584665.0000000005,492.386112,3980549.0867523327,-395884.0867523323,-0.6453631141384366,0.0006974108326306301,4.844497152400474e-05,False,True,False,True
5453,7237501190,2014-10-10,4290334.0,454.2958656,3996520.92176304,293813.0782369599,0.4791034373898206,0.0012590086283043346,4.822621240482273e-05,False,True,False,True
4894,2424059127,2014-08-20,2146760.0,324.2316096,2566098.4168674573,-419338.41686745733,-0.6835696308927863,0.0006146366119464041,4.789605139440332e-05,False,True,False,True
16997,0720079001,2014-06-26,1473336.2999999998,308.4380928,1856396.0761749893,-383059.7761749895,-0.6244687499717926,0.0007345238612596824,4.7774394904550196e-05,False,True,False,True
43,7766200013,2014-08-11,1765372.4999999998,392.05082880000003,2128449.6047482863,-363077.10474828654,-0.591917293738684,0.0008173784154972656,4.776932452505333e-05,False,True,False,True
19980,2325300037,2014-09-02,806251.8,130.99328640000002,1228376.8650235757,-422125.0650235757,-0.6881074358333416,0.0006008373055069009,4.744376653106344e-05,False,True,False,True
10380,1370800560,2014-10-13,2343736.31,230.39953920000002,2734465.80712305,-390729.49712305004,-0.6369603247443879,0.0006978182998310517,4.721924423380774e-05,False,True,False,True
18890,8910500237,2014-07-26,780255.0,112.4126784,1168718.7497197464,-388463.7497197464,-0.6332665251382307,0.0006971296260815871,4.662707983867073e-05,False,True,False,True
3899,5482700100,2014-05-12,1943007.06,201.5995968,2297039.2143777683,-354032.1543777683,-0.5771769347422989,0.0008362184261642442,4.646754567005383e-05,False,True,False,True
1063,7203220260,2014-07-16,2298040.764,415.741104,2707094.1842675656,-409053.42026756564,-0.6668077542623734,0.0006261632176269537,4.643116810147888e-05,False,True,False,True
18331,3365900175,2015-04-02,1336221.306,148.644864,1709178.025425464,-372956.7194254638,-0.608002248836712,0.0007464426978434704,4.6023526370307824e-05,False,True,False,True
6503,2626069030,2015-02-09,5407362.0,670.7599488000001,5157135.7158258185,250226.28417418152,0.40810865873131236,0.001648586396691725,4.5838314785744546e-05,False,True,False,True
9143,1523059100,2014-09-02,720672.0,161.6512896,312980.82710332423,407691.17289667577,0.6645858312379674,0.0006222804127265637,4.58360699797908e-05,False,True,False,True
1744,4307350520,2015-02-25,1274747.0,360.46379520000005,1625616.7705094516,-350869.7705094516,-0.5720208070653454,0.0008344426286224344,4.554402718414379e-05,False,True,False,True
13595,1068000559,2014-10-03,3178830.0,345.5993088,2752787.8472026065,426042.1527973935,0.6944803450053786,0.000565297101393766,4.54664452833726e-05,False,True,False,True
2897,0423059184,2014-12-01,461231.99999999994,182.0899584,849531.6988992095,-388299.69889920956,-0.6329926036327692,0.0006766416859761274,4.52166862633387e-05,False,True,False,True
2820,5035300850,2014-11-10,3516515.0,305.65100160000003,3152292.2032436505,364222.7967563495,0.5937694056827713,0.0007645833255599042,4.496156158226717e-05,False,True,False,True
17532,0925069134,2014-09-10,1998129.0,287.07039360000005,1580803.7194625363,417325.2805374637,0.6802769807276101,0.0005822945495677495,4.493823247672171e-05,False,True,False,True
5212,3886901795,2015-04-22,1977183.0,264.773664,1727532.5357409343,249650.4642590657,0.4071616919674166,0.0016101957083187839,4.456163303932504e-05,False,True,False,True
5669,4128500380,2015-04-27,3508320.0,397.6250112,3133528.721268676,374791.2787313238,0.6109819146370321,0.000710222397829044,4.4218945264427905e-05,False,True,False,True
8009,9325200110,2014-09-09,1300226.9349999998,314.01227520000003,1697646.313071832,-397419.37807183224,-0.6478439527521666,0.0006296453773838324,4.4071631188568235e-05,False,True,False,True
11261,3629921000,2014-11-21,2412145.0,343.74124800000004,2812229.0933647826,-400084.09336478263,-0.6521831154298907,0.0006153609187873723,4.3650084903896173e-05,False,True,False,True
20211,2902201300,2014-12-29,1764999.7000000002,109.62558720000001,1445701.0586062223,319298.6413937779,0.5205839113308168,0.0009623415351989037,4.350885008059118e-05,False,True,False,True
4969,8678500020,2014-12-13,4182885.0000000005,541.6247232000001,3874402.240844451,308482.7591555496,0.5029656184871254,0.001025510450656211,4.328237063507453e-05,False,True,False,True
20767,5428000070,2015-05-11,2323475.0,441.28944,2726494.088381827,-403019.0883818269,-0.6569609484153897,0.0005954429402061125,4.285748521630056e-05,False,True,False,True
8032,7579200915,2015-04-01,2903152.0,354.8896128,2493398.9110076725,409753.08899232745,0.6679298773487211,0.0005710306713261884,4.2483275375099066e-05,False,True,False,True
14842,2424059018,2014-06-12,2386742.0,303.7929408,2780099.6773789227,-393357.6773789227,-0.6412176145861864,0.0006132765302959142,4.2051588608728796e-05,False,True,False,True
21553,1561750040,2014-12-24,3689399.9999999995,404.12822400000005,3277060.2267332897,412339.7732667099,0.672141802137431,0.0005574259475133474,4.199522350774828e-05,False,True,False,True
5096,6450300840,2015-04-27,1458876.4,237.8317824,1817608.9282913208,-358732.5282913209,-0.5848087081370313,0.0007295219034787817,4.161325523724407e-05,False,True,False,True
15156,2770604615,2014-11-21,1866238.5,152.36098560000002,2214950.4733349606,-348711.97333496064,-0.5684828062729175,0.0007635838413843294,4.1159670939889276e-05,False,True,False,True
8381,9829200855,2014-05-13,1703987.1,165.36741120000002,2100028.099490322,-396040.9994903221,-0.6455848589649649,0.0005919912451543274,4.1146024544798853e-05,False,True,False,True
4255,6667400090,2015-05-01,2529592.0,267.5607552,2890316.501762487,-360724.501762487,-0.588050908824238,0.0007120843895467738,4.106950139194671e-05,False,True,False,True
11305,6127010890,2015-04-27,1938346.8,331.66385280000003,1593243.2559272498,345103.54407275026,0.562603809713589,0.0007763527062298135,4.098740800061357e-05,False,True,False,True
8570,8653600100,2015-03-30,2445075.0,289.8574848,2830406.3631785437,-385331.36317854375,-0.6281359018038367,0.0006199252024572731,4.0791022246188686e-05,False,True,False,True
7362,4217400420,2014-11-24,2293077.4,124.4900736,1925130.9753345996,367946.4246654003,0.5998125149640923,0.0006736692065474066,4.042212690257639e-05,False,True,False,True
6772,1336800010,2014-06-13,2983324.5,390.192768,3317927.82831648,-334603.3283164799,-0.5454938976815339,0.0008057594282380319,3.999300308645998e-05,False,True,False,True
4233,7443000985,2014-08-15,1077775.0,186.73511040000002,1478937.709903352,-401162.70990335196,-0.6539224171328417,0.0005573846544451744,3.974645001433127e-05,False,True,False,True
14483,0921049141,2014-12-01,1652747.9999999998,304.72197120000004,2050051.3337365016,-397303.33373650187,-0.6476311942889802,0.0005568352187533404,3.894689695045848e-05,False,True,False,True
14098,1338800365,2014-05-07,3342300.0000000005,330.73482240000004,3625293.5008213595,-282993.500821359,-0.46142176265610485,0.0010908812018671915,3.8752201323769834e-05,False,True,False,True
13898,8562791010,2014-07-07,1316519.3,170.01256320000002,1687164.999427177,-370645.69942717697,-0.6042010368494365,0.000634850357443725,3.865083227211331e-05,False,True,False,True
13764,1223089077,2015-04-01,2265720.8000000003,377.1863424,1978013.5513741374,287707.2486258629,0.46909721343006566,0.0010468895341120587,3.843529427099882e-05,False,True,False,True
4758,1250201680,2015-05-07,2842994.555,215.53505280000002,2548812.4196460396,294182.13535396056,0.4796433415039,0.0010012281502502583,3.8428522470787126e-05,False,True,False,True
6915,6738700225,2014-09-12,2394853.0,262.9156032,2728534.2078778,-333681.20787779987,-0.5439828689379543,0.0007773874664026622,3.837023655347011e-05,False,True,False,True
11089,3701000060,2014-12-16,2411464.0,358.6057344,2755383.500813246,-343919.5008132458,-0.5606586865902735,0.000723452290583352,3.792888372630543e-05,False,True,False,True
12298,8856001090,2015-01-30,494921.57,87.3288576,110972.25881029665,383949.31118970335,0.6258703684159923,0.0005796077465949762,3.7861996012152605e-05,False,True,False,True
19336,3892500150,2014-05-21,3427205.0,414.3475584,3707491.6768292636,-280286.67682926357,-0.45700082461541824,0.0010582981976748345,3.687657940496521e-05,False,True,False,True
20094,0250000090,2014-07-14,3880800.0,431.999136,3495874.6340010464,384925.3659989536,0.6274543982525,0.0005572337241047127,3.658411459277516e-05,False,True,False,True
19269,0052000067,2014-11-03,1229530.5,153.290016,874428.4653403014,355102.0346596986,0.578868200743943,0.0006534035345552042,3.651518263583273e-05,False,True,False,True
20549,3278606050,2015-04-01,1143905.0,158.86419840000002,778957.2640081048,364947.7359918952,0.5949038420324743,0.0006053914710576541,3.573070563359332e-05,False,True,False,True
17337,2856100381,2014-07-11,1289224.0,214.6060224,1635696.4803343192,-346472.4803343192,-0.564805614598403,0.0006705601890424663,3.5675974462930385e-05,False,True,False,True
12206,1193000390,2014-06-20,2909400.0,312.71163264,2586568.197731614,322831.8022683859,0.5262937064866776,0.0007699871692670437,3.5573215336704746e-05,False,True,False,True
19179,9547202245,2014-06-27,1615162.4999999998,220.1802048,1985648.9883661866,-370486.48836618685,-0.6039262352405848,0.0005843235678917409,3.554052085038991e-05,False,True,False,True
693,5450900060,2014-09-23,3567620.74,424.5668928,3220610.7268808633,347010.0131191369,0.5656785042920818,0.0006586362648237478,3.5149558734960715e-05,False,True,False,True
20986,2149800278,2014-10-15,834038.8,253.81110528000002,1052705.226212144,-218666.42621214385,-0.35663695531527156,0.0016548113589410426,3.5137365858476645e-05,False,True,False,True
15163,5566100170,2014-10-29,1582490.0,335.37997440000004,1923037.029598266,-340547.0295982659,-0.5551494897546557,0.0006824716342147151,3.507920479127991e-05,False,True,False,True
8860,0844000180,2015-02-25,572920.0,165.36741120000002,939034.9399134517,-366114.9399134517,-0.5967999021363658,0.0005832629110806495,3.464367685376874e-05,False,True,False,True
20172,6626300095,2014-05-19,1658214.445,318.65742720000003,2013989.0819530264,-355774.6369530263,-0.579952962013228,0.00061315465005847,3.4393049829490754e-05,False,True,False,True
10557,1522039105,2015-01-15,1904293.8,306.580032,2238470.0410680696,-334176.2410680696,-0.5447651913615391,0.0006867597055085946,3.3991522198079e-05,False,True,False,True
8289,4310701577,2014-05-09,847734.3999999999,130.99328640000002,1209729.0560972914,-361994.6560972915,-0.5900836918546338,0.0005840035922547969,3.391135912889452e-05,False,True,False,True
19671,7899800863,2014-10-01,738443.77,112.4126784,1107989.1722755134,-369545.4022755134,-0.6023849146940561,0.0005602142852620864,3.38995918736641e-05,False,True,False,True
19110,2025059131,2014-09-04,2190888.0,301.93488,2483810.2640150785,-292922.26401507854,-0.4775627782903391,0.0008906432598323731,3.388445066521206e-05,False,True,False,True
13074,1437500035,2014-10-10,373596.5,93.8320704,49956.165388941765,323640.33461105824,0.5276009231089996,0.0007287520303107253,3.3834224695449924e-05,False,True,False,True
21195,2770601912,2015-04-02,1795044.0,143.99971200000002,1447047.5296208635,347996.4703791365,0.5672782630103943,0.0006293400885529071,3.377534832794771e-05,False,True,False,True
7851,8005100360,2014-09-16,396733.49000000005,84.5417664,80170.2240620479,316563.26593795215,0.5160717078198016,0.0007592510028994609,3.372749519816574e-05,False,True,False,True
6458,1337800284,2014-08-27,2146145.0,209.03184000000002,2490314.2854090333,-344169.2854090333,-0.5610395911630431,0.0006297809026142151,3.305969571763023e-05,False,True,False,True
3259,2652500300,2014-06-03,2491940.0,272.2059072,2786104.863332875,-294164.8633328751,-0.47957648650296353,0.000840015077385895,3.222675380639924e-05,False,True,False,True
14309,3528000040,2014-10-01,4161287.0,491.45708160000004,3857917.69930207,303369.30069793016,0.4945697770970849,0.0007887470503491392,3.217987316790119e-05,False,True,False,True
10197,4154305085,2015-02-26,1982231.9999999998,249.90917760000002,2291352.7156701386,-309120.71567013883,-0.5039375190875216,0.0007548815795594202,3.197488045574762e-05,False,True,False,True
14003,2354300456,2015-03-11,405106.0,55.741824,69827.65534459054,335278.34465540946,0.5465493071495063,0.0006410341756986908,3.193501441419153e-05,False,True,False,True
8471,2817210210,2015-04-01,2193142.0,244.52080128000003,1836604.0512393042,356537.94876069576,0.581182699617548,0.0005631243378564736,3.171925905180534e-05,False,True,False,True
6072,7202340010,2015-02-24,1923207.37,304.72197120000004,1596441.5684582219,326765.80154177826,0.5326799619907134,0.0006682674539856825,3.16243859998303e-05,False,True,False,True
5938,2911700020,2014-07-21,3282328.8000000003,415.2765888,2970309.3854200393,312019.414579961,0.5086569571494794,0.0007308966410003447,3.1540765818288165e-05,False,True,False,True
14036,7701960210,2015-04-27,2558150.0,281.4962112,2890736.5287772864,-332586.5287772864,-0.5421615862533237,0.0006421590679970089,3.1479500426370726e-05,False,True,False,True
8518,3425059141,2014-05-28,2238259.5,292.64457600000003,2583053.4864168763,-344793.9864168763,-0.5620478476500846,0.0005939151504413629,3.128799563848682e-05,False,True,False,True
4449,1954700615,2014-10-22,2044432.5,189.52220160000002,2360505.7827028334,-316073.2827028334,-0.515256712240156,0.0006963815295338363,3.083513465411643e-05,False,True,False,True
12257,7625702505,2015-03-06,1837143.0,155.1480768,1491621.9457291514,345521.05427084863,0.5632296558541832,0.0005819081264497265,3.078413765586024e-05,False,True,False,True
10213,1921059235,2014-06-20,481170.0,182.0899584,818659.6824920177,-337489.68249201775,-0.5501442643258321,0.0006053414332868948,3.0553805194048295e-05,False,True,False,True
3833,1773101340,2015-02-02,1075625.53,178.37383680000002,1381653.6820749938,-306028.1520749938,-0.49889028991337475,0.0007322776099520523,3.0398541572376103e-05,False,True,False,True
12415,6087100070,2014-05-23,1467124.2498,212.74796160000002,1717303.9143496528,-250179.66454965272,-0.4079144503274342,0.0010700532970711212,2.9706898135027626e-05,False,True,False,True
4572,2490200165,2014-06-23,1109750.0,106.838496,1456170.3759935275,-346420.3759935275,-0.5646887009802088,0.0005573839773806537,2.9639001038756577e-05,False,True,False,True
6358,3751605432,2014-05-13,530313.495,176.51577600000002,236010.3155760169,294303.1794239831,0.47978507413822763,0.0007695879111243031,2.9548457152334003e-05,False,True,False,True
16559,3023059071,2015-02-10,1771532.5,244.3349952,1492559.8846411705,278972.6153588295,0.4548112194589024,0.000851568423144225,2.9383303887307756e-05,False,True,False,True
20028,3126049446,2015-03-10,1073555.7,104.9804352,803840.718958497,269714.9810415029,0.439727359949817,0.0008921656388967032,2.8777221170073784e-05,False,True,False,True
3418,7227501745,2015-03-25,1158316.8,293.5736064,1455083.8414470702,-296767.0414470702,-0.48379301627866755,0.0007334575859141309,2.8632653491789768e-05,False,True,False,True
13316,0627300145,2014-08-14,2606304.4000000004,426.42495360000004,2853877.4460703656,-247573.04607036524,-0.4036605944874835,0.0010512416966822757,2.8578591958391176e-05,False,True,False,True
4274,2919201335,2014-07-31,2067868.7999999998,183.9480192,1759082.4730164409,308786.32698355895,0.5033723938552599,0.0006754952632375133,2.8545871654293973e-05,False,True,False,True
2622,2624059036,2014-10-03,3988995.34,476.5925952,3674205.151284091,314790.1887159087,0.5131499528792912,0.0006376329013296038,2.800174286994016e-05,False,True,False,True
2688,8910500238,2014-11-06,868647.5000000001,112.4126784,1168718.7497197464,-300071.2497197463,-0.48917068256948515,0.0006971296260815871,2.7821849397131596e-05,False,True,False,True
16406,2652500225,2014-10-10,1385922.5,158.86419840000002,1697387.8720634729,-311465.37206347287,-0.5077316630461927,0.0006439484861205259,2.7685229293418244e-05,False,True,False,True
9251,2523039054,2015-02-10,3130362.5,420.85077120000005,2890214.957618162,240147.54238183796,0.391551944293412,0.0010431588237875926,2.6682789486936105e-05,False,True,False,True
2646,7018000560,2015-04-20,2818752.5,350.2444608,2538145.194400966,280607.30559903383,0.4574552646753809,0.0007598192877934749,2.6520788636505387e-05,False,True,False,True
11831,4139420640,2014-10-30,4305241.5,510.0376896,4053394.562798612,251846.93720138818,0.4106061998390902,0.000940062313689401,2.644020714142278e-05,False,True,False,True
2457,1370800830,2015-05-05,3736372.0000000005,367.8960384,3410157.516115546,326214.48388445424,0.5317516118445891,0.000556951718941628,2.6261883881409783e-05,False,True,False,True
18911,9499200220,2014-06-11,521983.80000000005,152.36098560000002,838622.1438697502,-316638.34386975016,-0.5161494995162242,0.000586545826903366,2.6058926944997295e-05,False,True,False,True
1656,6181430800,2015-01-05,894531.0,325.53225216000004,1169251.0666150004,-274720.06661500037,-0.44786081154120244,0.0007737309014286611,2.5885763221124487e-05,False,True,False,True
14574,5595900210,2014-11-19,504055.50000000006,74.322432,193203.2594390735,310852.24056092656,0.5067213786615414,0.0006013675239795666,2.575066357571463e-05,False,True,False,True
20998,1424059154,2014-05-16,2807970.0,512.8247808,3011180.9389719367,-203210.9389719367,-0.331387840270544,0.0014030622798163785,2.5716307262625146e-05,False,True,False,True
6525,8661000089,2014-07-16,443749.03500000003,210.88990080000002,723961.1584718451,-280212.12347184506,-0.45680544082887453,0.0007353855706421775,2.559445469422471e-05,False,True,False,True
20606,7899800857,2014-12-15,686493.315,99.4062528,1004343.594299972,-317850.2792999721,-0.5181207102612381,0.0005697448616056328,2.550577819675652e-05,False,True,False,True
13460,9547200530,2015-01-12,2072850.0000000002,306.580032,2383604.7849733904,-310754.78497339017,-0.5065611488276055,0.0005959731009007405,2.5503399221441e-05,False,True,False,True
9131,5700002510,2014-06-11,2420309.5,217.39311360000002,2672772.07114999,-252462.57114998996,-0.4116005782815897,0.0008947264305972057,2.5285975778706333e-05,False,True,False,True
21523,7430500110,2014-12-09,3585004.8,478.45065600000004,3299199.43292702,285805.3670729799,0.46591380912646563,0.0006933052116717252,2.510068552976115e-05,False,True,False,True
20927,8141310040,2014-06-27,542672.625,155.1480768,241238.17418403178,301434.4508159682,0.4913746731743271,0.0006227970290312856,2.507791230058216e-05,False,True,False,True
20269,8835800010,2014-12-23,2789955.0,457.08295680000003,3094923.352614343,-304968.35261434317,-0.49713173885964357,0.0006082329608422515,2.5068359590877936e-05,False,True,False,True
21313,5694500497,2015-01-16,1414160.07,120.77395200000001,1110946.6278187335,303213.4421812666,0.4942727078368794,0.0006149649855774313,2.5055297173260415e-05,False,True,False,True
547,2944000240,2015-04-22,2746926.0,311.225184,3050397.4756136686,-303471.47561366856,-0.49469180782526273,0.0006088068739923905,2.484632809977191e-05,False,True,False,True
9793,1917300105,2015-04-14,668552.0,108.69655680000001,355497.75140218437,313054.24859781563,0.510302588950611,0.0005688919761788827,2.4704794080212537e-05,False,True,False,True
2330,2320069083,2014-11-25,714207.1,169.0835328,1009812.6019163206,-295605.50191632065,-0.4818759059866703,0.0006357619048095731,2.4620103275398207e-05,False,True,False,True
11926,9831200520,2014-10-06,3479558.416,345.5993088,3193377.469980225,286180.94601977523,0.4665220059452798,0.0006758948262944519,2.453385403087927e-05,False,True,False,True
21474,7625702263,2014-06-12,896701.2,115.19976960000001,628970.1832813099,267731.01671869005,0.4364662255948946,0.0007704000048835515,2.4479414261242288e-05,False,True,False,True
5757,4139490190,2014-07-11,3334200.0,409.70240640000003,3603536.369680643,-269336.3696806431,-0.43908066070451246,0.0007582112470336938,2.4381308059965418e-05,False,True,False,True
4544,3124089086,2014-10-02,743550.0,160.72225920000002,438474.947382316,305075.052617684,0.4972983260357573,0.0005787091334850019,2.3866815943513162e-05,False,True,False,True
14547,2326059080,2014-08-01,2769357.5,317.72839680000004,3066838.971445881,-297481.47144588083,-0.48492689711806725,0.0006065539744773227,2.3786703130923293e-05,False,True,False,True
5238,0844000425,2014-12-23,535497.3225,89.18691840000001,237273.32412726432,298223.9983727357,0.4861349926421135,0.0005970829645426459,2.3531877771693813e-05,False,True,False,True
15670,4030100290,2014-10-01,4136664.0,480.3087168,3866430.469147891,270233.5308521092,0.44053476945402026,0.0007197788665301748,2.3298122873594474e-05,False,True,False,True
18002,2320069089,2014-09-30,519612.0,170.01256320000002,260344.26171003282,259267.73828996718,0.4226697396116409,0.0007737196327638543,2.3055302852663146e-05,False,True,False,True
20568,8822901175,2014-12-29,924013.5,122.63201280000001,1177608.9843723401,-253595.48437234014,-0.413427220141934,0.0007961480023880342,2.2697947874525404e-05,False,True,False,True
18494,8010100040,2014-08-01,1520546.82,141.2126208,1806718.614518322,-286171.794518322,-0.4664951061498028,0.0006245613886234139,2.2666757272497127e-05,False,True,False,True
11081,7010700810,2014-11-06,1960155.0000000002,186.73511040000002,2223421.3649515063,-263266.364951506,-0.42917984542792353,0.0007335233594707702,2.2535127440953444e-05,False,True,False,True
4951,3421069120,2015-02-19,941982.1455,312.1542144,1225963.6106260493,-283981.46512604936,-0.46292446095656764,0.0006239578795869984,2.2299511443148508e-05,False,True,False,True
3668,7853250090,2014-09-29,1669948.2,358.6057344,1960519.901985824,-290571.70198582415,-0.47365788018771593,0.0005839894870732958,2.1849273960465113e-05,False,True,False,True
1850,3271800295,2015-02-03,4246910.050000001,522.1150848000001,3992736.0781726018,254173.971827399,0.41436165070995107,0.0007544015590202841,2.160420014269282e-05,False,True,False,True
7237,6127010670,2014-07-28,1398335.4,331.66385280000003,1661856.958485216,-263521.558485216,-0.4295885533426364,0.0006995084507494462,2.1530346326917755e-05,False,True,False,True
7632,7228501910,2015-01-22,1306242.8800000001,151.4319552,1565849.020971708,-259606.14097170788,-0.42320989462847236,0.0007193010102166239,2.148738407078245e-05,False,True,False,True
19358,0808300180,2015-02-11,1297350.4000000001,282.4252416,1589069.7070730105,-291719.30707301036,-0.47552458727058705,0.0005672096836461492,2.1388717620242228e-05,False,True,False,True
5249,7284900460,2014-11-20,2265050.0,313.08324480000005,1981225.2693466395,283824.7306533605,0.46266219260294855,0.0005947017580641215,2.1229235161731284e-05,False,True,False,True
14784,8643000210,2015-03-04,1022277.2,229.74921792,1311238.2948802188,-288961.09488021885,-0.4710296418806522,0.0005720881244280461,2.1166872038002657e-05,False,True,False,True
20138,3226069049,2014-12-08,3207971.25,475.6635648,3470053.865845762,-262082.6158457622,-0.4272413978233025,0.0006928907697561874,2.10941098406708e-05,False,True,False,True
20154,8920100066,2014-08-20,3339655.0,484.9538688,3602747.3326055557,-263092.33260555565,-0.42888561300529615,0.0006844878704295521,2.0998817220997174e-05,False,True,False,True
4038,3423600025,2015-03-05,2469457.1550000003,265.70269440000004,2754558.0040370896,-285100.8490370894,-0.4647396277761322,0.0005828176100539173,2.0992009545205902e-05,False,True,False,True
3133,9829200590,2014-10-28,1887557.0999999999,182.0899584,2134231.124233745,-246674.02423374518,-0.40213980360403184,0.0007781620115824509,2.098992956104201e-05,False,True,False,True
18012,7234601198,2014-06-04,1691908.4,143.0706816,1417296.9095043316,274611.49049566826,0.44765073054708054,0.0006260665455886613,2.0922801011578414e-05,False,True,False,True
9921,0767000159,2014-08-21,763045.78,139.35456000000002,1016582.9029418901,-253537.12294189003,-0.4133189446173859,0.0007326579318818055,2.0875598467161525e-05,False,True,False,True
1125,7237501180,2014-06-25,2646240.0,370.68312960000003,2849213.2071002647,-202973.20710026473,-0.3309537760080586,0.0011231482112331647,2.0526199784231252e-05,False,True,False,True
724,2225059214,2014-08-08,3627190.8,433.85719680000005,3866273.4095338136,-239082.60953381378,-0.3897696074383249,0.0008073435575997247,2.0458502594268195e-05,False,True,False,True
3306,0844001140,2014-10-28,512301.39999999997,97.548192,227321.24321324378,284980.1567867562,0.4645378327180762,0.0005610622915179532,2.019043817946587e-05,False,True,False,True
20536,2126059294,2015-01-05,2602272.0,345.5993088,2877995.920535885,-275723.9205358848,-0.4494570779066368,0.0005947087914969472,2.0034933799483052e-05,False,True,False,True
2759,3520069033,2014-06-23,510485.0,142.1416512,763053.3696329743,-252568.36963297427,-0.4117336037566762,0.0007032000696306426,1.9882261661335618e-05,False,True,False,True
2401,3395000070,2014-09-27,3754679.5,456.15392640000005,3512038.3961336315,242641.10386636853,0.3955572712727488,0.0007383881091900749,1.9269612653526463e-05,False,True,False,True
6079,8941100095,2014-09-23,2672892.5,334.45094400000005,2936765.2838464156,-263872.7838464156,-0.43014423723757483,0.0006210859471491585,1.9164543920498775e-05,False,True,False,True
12035,4232400400,2014-09-29,3089772.0,275.9220288,2824912.931556225,264859.0684437752,0.4317502640092979,0.0006130527925581591,1.905803742138059e-05,False,True,False,True
15979,8651200080,2014-06-19,2681546.0,309.36712320000004,2950050.2266998887,-268504.2266998887,-0.4376879053239958,0.0005930539884318586,1.8946531176663294e-05,False,True,False,True
1906,2397101200,2014-12-21,2767787.0,259.1994816,2505960.0452820733,261826.95471792668,0.42680936847275514,0.0006214498595114894,1.8879596456131884e-05,False,True,False,True
18246,8122100265,2014-12-05,1201203.2,67.8192192,984921.7712503821,216281.4287496179,0.35261510634757715,0.0009071892081422266,1.8816663515007207e-05,False,True,False,True
12887,8813400155,2014-12-19,2140068.8000000003,321.44451840000005,1900787.8680195734,239280.9319804269,0.39007993606206975,0.0007407901602528369,1.8800656753122022e-05,False,True,False,True
20507,7519001068,2014-05-27,1028283.9999999999,148.644864,1287939.3322344497,-259655.3322344498,-0.4232706131095184,0.0006273525093151589,1.874429733917931e-05,False,True,False,True
19818,9477580030,2014-10-14,2307934.1999999997,310.2961536,2577795.786544673,-269861.5865446734,-0.4398951202986091,0.0005684576156614607,1.834391696259271e-05,False,True,False,True
15420,2420069242,2014-09-25,421487.5,68.74824960000001,156714.6522666663,264772.8477333337,0.43160430197800376,0.0005879871076424695,1.8266002706107607e-05,False,True,False,True
1837,7015200335,2014-06-19,3436435.0,336.3090048,3641364.4975998327,-204929.4975998327,-0.3341175000764132,0.0009672941002516217,1.801465830030774e-05,False,True,False,True
16237,0224069169,2014-10-23,2000320.0,235.9737216,2257793.9949829355,-257473.9949829355,-0.4197111346827378,0.0006100831209873586,1.7922714127342752e-05,False,True,False,True
5390,6851700381,2015-04-14,2887280.0,239.6898432,2622196.300524622,265083.6994753778,0.4321077470977667,0.0005728513334289044,1.7837075097522858e-05,False,True,False,True
16651,1860600290,2014-06-27,2241450.0,155.1480768,1986365.1843473911,255084.81565260887,0.415816590804965,0.0006104825866742429,1.760316935833069e-05,False,True,False,True
13347,1370801565,2014-10-30,2653090.0,270.34784640000004,2916055.7559344023,-262965.75593440235,-0.4286553826990324,0.0005731026242734348,1.756089623070414e-05,False,True,False,True
11359,2734100738,2014-10-29,601224.47,166.2964416,864923.5878529921,-263699.11785299215,-0.429849855720283,0.0005686104614475523,1.752040659264106e-05,False,True,False,True
7862,9191200490,2015-03-24,2588084.5999999996,300.07681920000005,2356829.315767437,231255.2842325624,0.37699585893872817,0.0007379985079191756,1.749435841833173e-05,False,True,False,True
2670,4139500200,2015-03-05,4130478.0,533.2634496000001,3908192.7396727353,222285.26032726467,0.36238325483221223,0.0007957083461088733,1.7429487413645214e-05,False,True,False,True
9521,3401700150,2015-04-23,4061340.0,513.7538112000001,3873086.040857494,188253.95914250612,0.30694948488066615,0.0010963008892531725,1.723410411863852e-05,False,True,False,True
21421,2254501095,2014-11-13,1877922.4274999998,151.4319552,1641052.9897331074,236869.43776689237,0.38613907531509317,0.0006910984543895078,1.7186063804309093e-05,False,True,False,True
7104,9297300480,2014-12-12,2031687.0000000002,256.4123904,2275453.702007413,-243766.70200741268,-0.39737507670155864,0.0006520730539374912,1.7172342314539264e-05,False,True,False,True
18048,4045700455,2015-03-16,1170929.0999999999,233.1866304,948711.94245819,222217.15754180984,0.36226952445027105,0.0007807866182013151,1.709164787318283e-05,False,True,False,True
2580,2954400520,2015-04-30,3704580.0,481.23774720000006,3478021.528826922,226558.47117307782,0.36934134100350124,0.0007504313796782101,1.707424895854179e-05,False,True,False,True
148,0809001525,2014-06-25,1962628.0,236.90275200000002,2223879.8927696347,-261251.89276963472,-0.4258587022530578,0.0005592781492825121,1.6914166974782296e-05,False,True,False,True
15695,2402100675,2015-02-10,1810837.5,190.451232,1981796.4821942672,-170958.9821942672,-0.27877620407785547,0.001284825312948613,1.6663360333780608e-05,False,True,False,True
9363,4310701575,2014-06-10,956498.4,130.99328640000002,1209729.0560972914,-253230.6560972914,-0.4127886363065537,0.0005840035922547969,1.6594854075456917e-05,False,True,False,True
7167,4217400185,2014-06-03,1891609.0,143.99971200000002,2100518.698494762,-208909.69849476218,-0.3405878430470209,0.0008559136230621755,1.6561850137839502e-05,False,True,False,True
20875,8946390040,2014-05-08,829012.5,297.84714624000003,1063035.353900753,-234022.85390075296,-0.38149468535930586,0.0006703793915749361,1.6271876094805118e-05,False,True,False,True
8806,1186000065,2015-04-16,3024900.0,267.5607552,2792839.7697954997,232060.23020450026,0.378297406638203,0.000681536839395664,1.626675412373768e-05,False,True,False,True
7450,2770602335,2015-04-07,1920706.5,138.4255296,1703344.7374625057,217361.7625374943,0.35435283790239547,0.0007741387239428546,1.6213460085306762e-05,False,True,False,True
8126,1604601570,2014-09-05,838358.4,102.19334400000001,1091277.646493204,-252919.24649320391,-0.4122776946084902,0.0005679258581976954,1.6097809640181547e-05,False,True,False,True
19254,4047200820,2014-08-22,569450.0,152.36098560000002,819973.2225928232,-250523.2225928232,-0.4083710681004296,0.0005634006984249901,1.5668261579535677e-05,False,True,False,True
20476,0993000315,2014-10-02,939351.5,128.2061952,1182828.6856837198,-243477.1856837198,-0.39689202542906127,0.0005961858331104443,1.5661528486604337e-05,False,True,False,True
16350,5700004040,2014-09-05,3362400.0,370.68312960000003,3116740.4433458224,245659.5566541776,0.40044723916322544,0.000584865343408807,1.5640452839034394e-05,False,True,False,True
14942,3627800050,2014-07-15,3051812.5,349.3154304,3265729.9459296763,-213917.4459296763,-0.3487348439618635,0.0007574316325533147,1.536427053542624e-05,False,True,False,True
4645,9310300215,2015-05-06,1984904.9999999998,290.7865152,1761019.1157023832,223885.88429761655,0.36497288346553364,0.0006872461613407384,1.526795388669602e-05,False,True,False,True
8097,3589500315,2014-09-19,1244305.6,113.3417088,1018729.247171767,225576.35282823304,0.3677261577472797,0.0006737503430333785,1.5194608041345195e-05,False,True,False,True
8312,7841300535,2015-04-09,685485.0,144.9287424,456266.6598061994,229218.34019380063,0.37365775021747427,0.0006446548204623445,1.5010806741498483e-05,False,True,False,True
20746,1604601572,2014-09-05,773352.0,79.8966144,991102.0053976104,-217750.00539761037,-0.3549736511077208,0.0007059170759065926,1.4835471593860154e-05,False,True,False,True
20702,3574770030,2014-08-28,1271081.005,277.7800896,1495776.7282286733,-224695.72322867345,-0.3662877447061424,0.0006582346434412245,1.4728557810932637e-05,False,True,False,True
14813,1797500230,2014-08-18,2666210.0,238.76081280000002,2431859.909440011,234350.0905599892,0.3820155556042378,0.0006045724991906305,1.4713699256090156e-05,False,True,False,True
7657,7202340590,2014-10-14,1684168.2,360.46379520000005,1866688.9894288853,-182520.78942888533,-0.2975858768098494,0.0009913540258087335,1.4646468081578712e-05,False,True,False,True
3846,2734100734,2014-10-15,526806.14,143.0706816,752321.3783437386,-225515.2383437386,-0.36762147903632614,0.0006462830234214524,1.4566460030969247e-05,False,True,False,True
19918,1042700060,2014-05-16,1779843.9449999998,312.1542144,1979321.4535538405,-199477.5085538407,-0.32520458952003095,0.0008199812343384523,1.4465127119041159e-05,False,True,False,True
14084,3521059042,2014-07-28,569816.1,127.27716480000001,358467.86391789466,211348.23608210532,0.34453748901354275,0.000705519482603098,1.3968096945504044e-05,False,True,False,True
20151,2771102144,2014-05-02,855508.5000000001,122.63201280000001,1084149.5676131248,-228641.06761312473,-0.3727088331700057,0.0006023831306042667,1.395476773880458e-05,False,True,False,True
10350,8712100435,2014-11-10,3039183.0,366.03797760000003,2810315.2474136353,228867.75258636475,0.37307742002779937,0.0005973826881934064,1.3866243728453124e-05,False,True,False,True
8480,4141000490,2014-10-21,2975639.9999999995,295.4316672,2754240.8767016307,221399.12329836888,0.3609096751628008,0.0006354349666558862,1.3803618948737847e-05,False,True,False,True
7285,5605000430,2014-09-17,2712544.0,259.1994816,2927597.956470318,-215053.95647031814,-0.3505725207446528,0.0006713622510685158,1.3761097679207312e-05,False,True,False,True
11929,3528000310,2015-04-27,3303668.0,400.41210240000004,3069963.5153304487,233704.48466955125,0.38095573681835126,0.0005656800194615355,1.3690344162434067e-05,False,True,False,True
1330,4232400860,2014-06-30,2643000.0,196.9544448,2427795.923764862,215204.07623513788,0.3508163129427972,0.0006660801120215304,1.3671751222884744e-05,False,True,False,True
21485,2776600082,2014-11-13,1048293.7499999999,141.39842688000002,1262972.9536346942,-214679.20363469434,-0.3499611635547331,0.0006687932715156858,1.3660635354692036e-05,False,True,False,True
21036,8121100155,2015-02-25,2320326.0,250.838208,2519608.0902644396,-199282.09026443958,-0.3248784211523891,0.0007733464242240598,1.3614464167386892e-05,False,True,False,True
4871,3293400010,2015-03-04,2831380.0,320.515488,3055930.9063849,-224550.9063849002,-0.36604169501456246,0.0006037595635767761,1.3490752561413703e-05,False,True,False,True
19908,8032700075,2014-10-15,1512455.2,157.00613760000002,1281692.1824728996,230763.0175271004,0.3761611819541922,0.0005670399239242029,1.3380017214223188e-05,False,True,False,True
14066,2111010760,2015-01-08,962354.25,303.7929408,1193746.1227865964,-231391.87278659642,-0.3771852640242542,0.0005617426484404442,1.332722138051761e-05,False,True,False,True
13457,7224000450,2014-12-30,610926.0,168.1545024,833451.4950916171,-222525.4950916171,-0.3627395921489867,0.0006011778430111223,1.3191761865718416e-05,False,True,False,True
8809,3303980090,2015-03-06,3188430.0,379.04440320000003,2980275.750066586,208154.24993341416,0.33932540621875135,0.0006744033848919331,1.295072957165337e-05,False,True,False,True
4354,7899800864,2015-03-05,778056.345,99.4062528,1004476.7645588517,-226420.41955885175,-0.36908291256668463,0.0005697149534071404,1.2942010297764105e-05,False,True,False,True
9661,1683400165,2015-04-30,2555935.6799999997,274.99299840000003,2725490.241366826,-169554.5613668263,-0.27644614928479644,0.0009963667891837863,1.270345972158026e-05,False,True,False,True
15011,0809001060,2014-05-13,2442160.5,254.55432960000002,2656820.9592890814,-214660.4592890814,-0.3499220755414338,0.0006200615425215536,1.2661804456678527e-05,False,True,False,True
16889,6372000280,2014-10-08,1348032.0,144.9287424,1131015.109448418,217016.89055158198,0.3537604740972226,0.0006038762492213833,1.2603107840616317e-05,False,True,False,True
20413,7202280580,2015-01-06,1764601.9000000001,289.8574848,1543769.8824866787,220832.01751332148,0.3599755752271773,0.0005818926768479567,1.2574493371807864e-05,False,True,False,True
12007,1959700445,2014-07-25,2898090.0,377.1863424,3086110.799325682,-188020.79932568222,-0.30652398180576496,0.0008008075152004276,1.2550289166567175e-05,False,True,False,True
19482,2397101460,2014-08-11,2015941.4999999998,121.98169152000001,1808227.6545469388,207713.84545306093,0.33860416575889735,0.0006548699559388296,1.2521977214517221e-05,False,True,False,True
9859,2770601677,2015-04-22,1491188.4000000001,145.85777280000002,1278989.1379910856,212199.2620089145,0.34591056382287716,0.0006231386217537532,1.2434598858801298e-05,False,True,False,True
19661,2767604425,2015-01-29,1388860.0,132.85134720000002,1165749.0598131195,223110.94018688053,0.3636861383623453,0.0005583645772535128,1.2315801140292853e-05,False,True,False,True
15978,3356403304,2014-10-16,381458.0,142.1416512,176053.22783781588,205404.77216218412,0.3348404355642436,0.0006572540763998165,1.2289759098660727e-05,False,True,False,True
11456,2719100240,2014-05-19,1879435.0,245.26402560000002,2099164.1755486354,-219729.17554863542,-0.3581759631542929,0.0005713852040846526,1.2224154633087746e-05,False,True,False,True
8863,4310701565,2014-09-16,992417.5000000001,130.99328640000002,1209595.8858384117,-217178.38583841163,-0.354020195811153,0.0005839307158952214,1.2204495120081751e-05,False,True,False,True
20478,4310702837,2014-12-01,960899.9999999999,127.27716480000001,1174264.0547776446,-213364.0547776447,-0.3478060205760718,0.0006041920924759921,1.2188786055029772e-05,False,True,False,True
1946,1118001805,2014-07-24,3807986.0000000005,417.13464960000005,3599781.0529577807,208204.9470422198,0.3393991732988352,0.0006221250488445515,1.1951385836046413e-05,False,True,False,True
11438,2734100732,2014-10-15,526806.14,137.49649920000002,727410.6383287162,-200604.49832871614,-0.32701704223080996,0.0006680687709159213,1.1915188805416082e-05,False,True,False,True
2033,2420069017,2015-03-24,478729.89999999997,83.61273600000001,267291.56475592405,211438.33524407592,0.34466637716764614,0.0006011968562329925,1.1910348357365475e-05,False,True,False,True
19293,1556200155,2015-04-17,2061719.9999999998,140.2835904,1844781.7338321954,216938.26616780437,0.35362614237700146,0.0005690259235946078,1.1866338257549335e-05,False,True,False,True
9178,5351200265,2014-09-11,2894319.9999999995,338.1670656,3098325.4908721894,-204005.49087218987,-0.3325567576000321,0.0006413837519676693,1.1829786225554679e-05,False,True,False,True
3602,0104530490,2014-05-16,548328.0,171.87062400000002,744332.9515139982,-196004.9515139982,-0.3195228457554546,0.0006917874911056172,1.1779472127571833e-05,False,True,False,True
6756,5700001640,2014-05-08,2296917.3000000003,316.7993664,2468735.558246605,-171818.25824660482,-0.2801232648903631,0.0008988301664994238,1.1765632549408354e-05,False,True,False,True
15083,7935000595,2014-10-08,2260360.8,227.61244800000003,2060193.1573919207,200167.64260807913,0.3263037663760385,0.000661135224231774,1.1740063382869788e-05,False,True,False,True
17954,0272000945,2015-03-25,2599917.6,216.4640832,2405518.3562004417,194399.24379955838,0.3169058928975548,0.0006957959845579793,1.1654498311497553e-05,False,True,False,True
4257,0913000315,2014-06-05,2950350.0,362.50766208000005,2751526.592120357,198823.40787964314,0.3241108927926184,0.0006514776629364405,1.1413492532559572e-05,False,True,False,True
2165,7234601162,2014-09-15,1333857.0,135.6384384,1136817.041413024,197039.95858697593,0.32120540853141116,0.0006626523859662014,1.1402185342075517e-05,False,True,False,True
9255,0853600150,2014-05-24,3727416.0,518.7705753600001,3914217.5961803645,-186801.5961803645,-0.3045248019507822,0.0007249847080802877,1.121341526720909e-05,False,True,False,True
16262,8965510190,2014-06-10,2787000.0,343.74124800000004,2992070.604826525,-205070.60482652485,-0.3342856759053805,0.000597361632387718,1.1132203023132266e-05,False,True,False,True
10270,0669000350,2014-09-26,3026595.0,428.2830144,2851366.330621168,175228.66937883198,0.28567105128786013,0.0008123391340071999,1.105787125165722e-05,False,True,False,True
20007,0148000475,2014-05-28,3136700.0,436.644288,3347909.8343682215,-211209.83436822146,-0.34428648738526696,0.0005581784819277064,1.1033270781409203e-05,False,True,False,True
19707,6749700004,2015-03-30,948689.1,78.0385536,742677.9235650301,206011.17643496988,0.3358171008561673,0.0005866406918950164,1.1032689593087928e-05,False,True,False,True
160,8029200135,2014-11-13,635407.5,117.9868608,810989.8634766489,-175582.36347664893,-0.2862466683026686,0.0008053445690471561,1.1006804749517372e-05,False,True,False,True
18633,1337800665,2014-08-11,3018217.4999999995,264.773664,3164067.8034291193,-145850.30342911975,-0.23781778556539382,0.0011616368852504604,1.0962575332025993e-05,False,True,False,True
4131,6852700412,2014-09-19,1478500.0,144.9287424,1279855.7593694478,198644.24063055217,0.32381448999045437,0.0006247247242677292,1.0924495751120339e-05,False,True,False,True
4329,2771102158,2014-10-21,979481.4999999999,134.709408,1169535.1907605752,-190053.69076057535,-0.3098195959619011,0.0006812150428475803,1.0905527933445026e-05,False,True,False,True
9666,2944010210,2015-02-18,3107399.0,365.10894720000005,3302339.2347359434,-194940.23473594338,-0.31777873431588194,0.0006387413442445391,1.075724177964823e-05,False,True,False,True
15733,4320200020,2014-09-22,1706705.0,184.50543744,1898505.5145794824,-191800.51457948238,-0.31266177073678053,0.0006464218938444944,1.0538898004196646e-05,False,True,False,True
19652,2626119062,2014-11-12,396025.0,120.77395200000001,596844.9085497335,-200819.90854973346,-0.3273547195748714,0.0005857932427946015,1.0468508306535011e-05,False,True,False,True
1612,0324000350,2015-04-15,2047956.75,178.37383680000002,1842494.532021679,205462.21797832102,0.33491702081688574,0.0005554424518655881,1.0389712983874152e-05,False,True,False,True
9856,7849202190,2014-12-23,629212.5,136.5674688,476771.998590447,152440.501409553,0.24854219004245348,0.000990317213754856,1.0205954356269663e-05,False,True,False,True
3669,7133300044,2014-06-29,872407.4999999999,126.3481344,1051534.4889846146,-179126.98898461473,-0.2920115425128655,0.0007107470400431371,1.0108172143453408e-05,False,True,False,True
17782,4322200220,2015-04-21,2056927.5,313.08324480000005,2242587.545223132,-185660.04522313178,-0.3026539959356454,0.0006599762478545863,1.008222995656149e-05,False,True,False,True
21056,3751600409,2015-05-08,1528266.0,378.39408192,1691746.3588301688,-163480.35883016884,-0.26652196165746384,0.000841552689372204,9.97152769045199e-06,False,True,False,True
17931,6149700194,2014-10-15,777990.42,140.2835904,966622.4244257808,-188632.00442578073,-0.30749322377810334,0.0006241235269510634,9.84150553451573e-06,False,True,False,True
13125,2322069010,2014-10-07,2836484.0,367.8960384,2686263.860812597,150220.13918740302,0.24491972909208204,0.000971261809369392,9.719739407130634e-06,False,True,False,True
15051,8924600020,2014-11-14,4011876.0,536.0505408,3886547.1844897047,125328.81551029533,0.20437767937908094,0.001371065776575314,9.558061535022677e-06,False,True,False,True
14675,6821101762,2014-06-05,1132480.5,157.00613760000002,952233.6636192054,180246.83638079464,0.29382746131051024,0.0006451183354933519,9.28866205666841e-06,False,True,False,True
7272,0629800380,2014-10-13,3468835.0,405.05725440000003,3635010.3015586957,-166175.30155869573,-0.27090122253943366,0.0007360420645036265,9.009342367354317e-06,False,True,False,True
19174,0925069152,2015-03-04,2652556.0,283.35427200000004,2462388.929698251,190167.0703017488,0.3099851814753767,0.0005571461109929992,8.927744494305639e-06,False,True,False,True
6011,2125049024,2014-06-20,2965350.0,266.63172480000003,2777033.0622628257,188316.93773717433,0.3069693168802712,0.0005569935395908689,8.752473603488074e-06,False,True,False,True
2985,0375000165,2014-07-23,2201772.3400000003,212.74796160000002,2367520.244145602,-165747.90414560167,-0.27019855755766686,0.0006922842232446793,8.429464690546822e-06,False,True,False,True
2643,1727850340,2014-09-29,3119198.4,297.289728,2937532.5712574944,181665.82874250552,0.2961301066209824,0.0005741806868157183,8.396762919658279e-06,False,True,False,True
19217,4131900042,2014-05-16,4422000.0,602.9407296,4298878.175222509,123121.82477749139,0.20076544037955774,0.0012394552379806946,8.336737571367629e-06,False,True,False,True
2910,9528101224,2014-10-07,1394083.81,131.9223168,1232504.8816792667,161578.92832073336,0.2634054429146396,0.0007154815975153814,8.279565537597966e-06,False,True,False,True
13517,8005100571,2014-12-05,556592.0,137.49649920000002,733018.5326380804,-176426.53263808042,-0.28759311631796813,0.0005984324864809556,8.254311581797946e-06,False,True,False,True
15683,1726059134,2014-10-10,2591072.5,262.9156032,2754298.764338784,-163226.26433878392,-0.26608831112112064,0.000695850897229405,8.21710515358854e-06,False,True,False,True
12836,3751604895,2014-06-05,374467.5,106.838496,205946.33632476628,168521.16367523372,0.2747079953788887,0.0006088453598928067,7.662365219489761e-06,False,True,False,True
7048,8644210470,2015-03-18,2747771.0,311.225184,2921235.18411988,-173464.1841198802,-0.2827584372949093,0.0005577791657992775,7.436772424210685e-06,False,True,False,True
13599,5608010650,2015-04-08,2975481.0,317.72839680000004,2807705.5383910686,167775.46160893142,0.2734905603115816,0.0005952601159089407,7.425040234809091e-06,False,True,False,True
5552,8029200190,2014-11-07,583866.7,118.9158912,415919.1997571215,167947.50024287845,0.2737700451222636,0.0005882865671150012,7.353009064547021e-06,False,True,False,True
6132,9126101511,2015-04-28,2499228.05,301.93488,2663605.4305902272,-164377.38059022743,-0.2679538472832171,0.0006138670137466936,7.350378813261156e-06,False,True,False,True
3155,1336800015,2014-05-21,3329916.6,340.02512640000003,3467951.7263247296,-138035.12632472953,-0.22504126847095163,0.0008651628657909867,7.308813035461951e-06,False,True,False,True
10253,3622069050,2014-11-21,539924.3804,145.85777280000002,368924.49172386527,170999.88867613475,0.2787420220353291,0.0005617533295329789,7.278524228746825e-06,False,True,False,True
18103,6648150040,2014-05-13,3712968.0000000005,451.50877440000005,3549797.844941199,163170.15505880164,0.26598431142800205,0.0006016874413940282,7.098933818536209e-06,False,True,False,True
21192,5422950170,2014-11-12,1034775.0000000001,313.08324480000005,1190824.7576730028,-156049.75767300266,-0.2543841247596537,0.0006551257462252703,7.07030319074342e-06,False,True,False,True
14425,9543000205,2015-04-13,433998.945,78.41016576,569650.0312137008,-135651.08621370076,-0.22115379922934264,0.0008586236750686219,7.005086036982822e-06,False,True,False,True
19730,2767704603,2014-06-09,1092230.4,139.35456000000002,1244327.1527881846,-152096.75278818468,-0.24794163195150665,0.0006671229568105536,6.839799492355245e-06,False,True,False,True
20456,0293670040,2014-10-08,1161474.0,108.69655680000001,1321007.9559827968,-159533.95598279685,-0.26005659220668476,0.0005990987299863745,6.7568323949996046e-06,False,True,False,True
20014,8850000018,2014-10-01,1014467.6,111.483648,1178132.1370518059,-163664.53705180588,-0.2667844240311884,0.0005583714810871096,6.627282501852487e-06,False,True,False,True
12381,9482700075,2015-01-12,2126000.0,220.1802048,2266213.593718782,-140213.59371878207,-0.22857970962599608,0.0007501544134984875,6.537334116967473e-06,False,True,False,True
10529,5318100935,2014-10-20,2087090.0,143.0706816,1932525.0218243077,154564.97817569226,0.25195842950189334,0.0006131962751081037,6.491909133388651e-06,False,True,False,True
13290,6145601312,2014-10-29,783941.2000000001,128.2061952,935770.7756167278,-151829.5756167277,-0.2475005599067293,0.0006224555836293159,6.358869340532927e-06,False,True,False,True
9335,3324079089,2014-11-21,3389698.5,469.16035200000005,3229930.5996780917,159767.9003219083,0.26043302706582866,0.0005613513360855117,6.34920702704113e-06,False,True,False,True
549,7899800860,2015-03-19,848528.79,99.4062528,1004476.7645588517,-155947.97455885168,-0.25420734035913956,0.0005697149534071404,6.139458053862864e-06,False,True,False,True
7670,6169900580,2014-07-09,3243363.5000000005,392.9798592,3143741.4510249123,99622.04897508817,0.16245748852578462,0.0013790529064995082,6.074471182737892e-06,False,True,False,True
19070,6613001241,2014-08-11,3223228.4999999995,288.9284544,3074171.8987141848,149056.60128581477,0.24297905317922697,0.0006123918348164207,6.029507667770085e-06,False,True,False,True
4795,3948900050,2015-04-27,1800937.6,197.88347520000002,1661478.702949807,139458.89705019305,0.22734287953535207,0.0006929728815033287,5.973498523318249e-06,False,True,False,True
1415,9122001231,2015-04-03,1843680.2448,254.55432960000002,1699906.1515682116,143774.09323178837,0.23437166922249833,0.0006439401622454597,5.899079353879936e-06,False,True,False,True
942,2768301715,2015-03-11,1760653.0,187.6641408,1644797.7866152823,115855.2133847177,0.18888879001104705,0.0009482249829390142,5.643967659957497e-06,False,True,False,True
3764,2523089097,2014-10-29,1276947.7,318.65742720000003,1391451.7622328252,-114504.0622328252,-0.1866854971115971,0.0009440065131950414,5.488517735769712e-06,False,True,False,True
21492,9512200090,2015-05-01,1583614.4,217.39311360000002,1722787.6806082055,-139173.2806082056,-0.226869779411239,0.0006269499465031154,5.38154880367052e-06,False,True,False,True
3831,8550001515,2014-10-01,1057784.3816,185.06285568,1172653.841661185,-114869.46006118506,-0.1872778489721342,0.0009078736072190667,5.3117965086415505e-06,False,True,False,True
17668,2902200076,2015-01-28,2063760.0,191.38026240000002,2185819.3322846815,-122059.3322846815,-0.19898666119118907,0.0007750910228398488,5.119011849227488e-06,False,True,False,True
467,8658300340,2014-05-23,177496.0,39.9483072,38370.02873214334,139125.97126785666,0.22678874035879457,0.0005924110815043477,5.081269833836786e-06,False,True,False,True
12692,4078300040,2015-02-24,2435165.0,285.2123328,2573315.5612745285,-138150.5612745285,-0.2251993013748587,0.0005974995736846584,5.053357173760314e-06,False,True,False,True
2909,1455600015,2014-12-12,2018408.0000000002,218.322144,1892099.2962913215,126308.70370867872,0.20590744878836842,0.0007097667147783968,5.018996016814215e-06,False,True,False,True
19278,2397100705,2014-07-14,3367713.888,339.09609600000005,3273729.5616362616,93984.32636373816,0.15325517417642684,0.0012661355267719158,4.962602164706633e-06,False,True,False,True
15469,1929300305,2014-06-23,2707790.0,327.01870080000003,2820711.523725748,-112921.52372574806,-0.18409866978763625,0.0008714696231001172,4.926981635829269e-06,False,True,False,True
18335,2820069048,2015-05-04,1439287.2,230.39953920000002,1561054.1729138866,-121766.97291388665,-0.198506467314786,0.0007390858857418345,4.857514202372078e-06,False,True,False,True
5208,2785000480,2015-01-08,2068725.15,336.3090048,2205202.447796218,-136477.2977962182,-0.22246973338215414,0.0005797069782215994,4.784658909187138e-06,False,True,False,True
11476,8910500226,2015-04-09,1128308.31,124.4900736,1245052.7679458857,-116744.4579458856,-0.19032256662108313,0.0007798655922531816,4.711811462331217e-06,False,True,False,True
1143,3320000810,2015-02-24,1088662.0,156.0771072,961435.6459075734,127226.3540924266,0.20739753094895597,0.0006532554297868538,4.6862207150155236e-06,False,True,False,True
17343,4232902335,2014-08-14,2724360.0000000005,251.76723840000002,2611209.6353811696,113150.36461883085,0.1844651702262564,0.0008001419035594457,4.5414250895697e-06,False,True,False,True
2072,8699100240,2015-05-05,1133162.0,301.00584960000003,1239510.1383967549,-106348.13839675486,-0.17338202016042184,0.0008726015000548974,4.37574448359811e-06,False,True,False,True
21285,2937300050,2015-02-27,2846511.018,385.547616,2733436.743552074,113074.27444792632,0.1843382599899893,0.0007691037028961095,4.359119405867845e-06,False,True,False,True
10110,7853250070,2015-04-17,2076915.64,355.8186432,1947598.4360722378,129317.20392776211,0.21079672241357267,0.0005660320481901153,4.1943374960527755e-06,False,True,False,True
19383,0868000905,2014-07-08,2104250.0,323.3025792,2232993.4160180986,-128743.4160180986,-0.20986176727320985,0.0005694809649607231,4.18255832998443e-06,False,True,False,True
3121,3918400017,2015-02-05,1040668.0,136.5674688,954496.687773034,86171.31222696602,0.14051482208746013,0.0012648398464102338,4.167525105523707e-06,False,True,False,True
21310,9528101061,2014-08-25,1322864.0,135.6384384,1207138.883468479,115725.11653152108,0.18865269468543577,0.0006941503202123629,4.120309828615113e-06,False,True,False,True
21084,8562900430,2014-07-18,1788960.0000000002,342.90512064,1913586.444680944,-124626.44468094385,-0.20315266323686812,0.0005879687251163258,4.046722670921264e-06,False,True,False,True
14776,9412400220,2014-07-10,3585716.25,508.17962880000005,3674383.60852924,-88667.3585292399,-0.14457618817494772,0.0011432631210498232,3.987358470605686e-06,False,True,False,True
17464,1972200698,2014-05-28,1063789.4,130.064256,1187290.882171169,-123501.48217116902,-0.20131615004621323,0.0005609625973074621,3.7912600883788017e-06,False,True,False,True
11846,2623039082,2015-02-18,2189110.0,190.451232,2102701.898483649,86408.1015163511,0.1408923040192339,0.0011423819740947194,3.783825045478919e-06,False,True,False,True
9871,4123800320,2015-02-06,486481.6,124.4900736,601008.6396644339,-114527.03966443392,-0.18669488582283245,0.0006435278581856003,3.740765766818987e-06,False,True,False,True
9276,4139500410,2015-01-26,4362288.0,536.0505408,4266918.615940765,95369.38405923545,0.1554856541665976,0.0009056402025956391,3.652402117586694e-06,False,True,False,True
15265,0629800660,2014-09-09,3821177.5,445.0055616,3918597.6922003105,-97420.19220031053,-0.15882617567842067,0.0008676781571973092,3.651140650757476e-06,False,True,False,True
6242,6848200221,2014-09-02,1430083.5,160.72225920000002,1541971.6879434139,-111888.18794341385,-0.18239329686827585,0.0006446637974442245,3.576677996929528e-06,False,True,False,True
17602,7237500650,2015-02-13,3645532.8,468.23132160000006,3526972.8243574277,118559.97564257216,0.19326176581538973,0.000567384231087046,3.533982378358392e-06,False,True,False,True
13402,1524069044,2014-10-09,4358326.5,592.7213952000001,4443559.763823643,-85233.26382364333,-0.13897322966666026,0.001092809164523082,3.5215206497512906e-06,False,True,False,True
19316,2720069019,2014-11-03,784912.4,104.0514048,686493.940436013,98418.45956398698,0.16044956373789218,0.0008165146905895343,3.506263787509891e-06,False,True,False,True
18600,0726049131,2015-03-20,1053747.5,162.58032,946027.5147237703,107719.98527622968,0.17560086133078537,0.0006710032006130226,3.4507868607947696e-06,False,True,False,True
17997,1346300035,2014-06-26,4395711.0,416.2056192,4464097.200231537,-68386.20023153722,-0.11153572535450144,0.001660724034424417,3.4490227210097503e-06,False,True,False,True
6373,9222400605,2014-11-15,2201958.0,276.8510592,2283559.242592782,-81601.24259278178,-0.13305464119254037,0.001144443398706358,3.3806517436870924e-06,False,True,False,True
1867,2143700830,2015-03-12,1153327.0,195.096384,1268948.0094167516,-115621.00941675156,-0.18847028610688968,0.0005595198121043192,3.3143095084450637e-06,False,True,False,True
14357,1370801465,2014-06-19,1915390.0,147.7158336,2028647.5295807198,-113257.52958071977,-0.18461980904203776,0.0005828998932704095,3.3132373178586035e-06,False,True,False,True
20263,1042700250,2014-08-04,1885168.2114999997,312.1542144,1979987.3048482612,-94819.09334826143,-0.15458187821151947,0.0008202146832988286,3.2692626264711734e-06,False,True,False,True
12150,5700001895,2015-03-02,2564622.5,314.9413056,2455149.683471456,109472.81652854383,0.17845277281426322,0.0006095737205720118,3.237325748829962e-06,False,True,False,True
12043,2991000160,2014-12-12,829937.5,213.676992,914635.8682915047,-84698.36829150468,-0.1380945466207668,0.0009982879953959432,3.176079925942278e-06,False,True,False,True
10915,2954400310,2014-09-15,4139636.9,505.3925376,4227728.400996096,-88091.50099609653,-0.1436208736293688,0.0009157933465056664,3.151223946745599e-06,False,True,False,True
21554,0688000017,2014-06-27,1135008.75,102.19334400000001,1034836.3512489274,100172.39875107259,0.16329934595912302,0.0006986855835359696,3.107441517087214e-06,False,True,False,True
11697,5699000070,2014-05-28,3136700.0,276.8510592,3211784.4029237777,-75084.4029237777,-0.12243282193137195,0.0012128504559111332,3.0337429389142094e-06,False,True,False,True
14687,0098000150,2015-01-02,3945098.5,458.0119872,3847181.3246089593,97917.17539104074,0.1596236335978083,0.0007076318863422594,3.007169850960013e-06,False,True,False,True
20106,1777600850,2014-06-24,1908440.2999999998,329.805792,1798158.0278058648,110282.272194135,0.17976741121352371,0.0005554952701648033,2.9935902743695707e-06,False,True,False,True
4501,2767603931,2014-08-18,1059705.5,127.27716480000001,1166261.921196565,-106556.42119656503,-0.17369666343037513,0.0005858325399425972,2.947539888255485e-06,False,True,False,True
18828,3221069054,2014-10-28,1890044.0,375.3282816,1989178.4562008828,-99134.45620088279,-0.16160500560058935,0.0006701911839321062,2.9190950422843453e-06,False,True,False,True
9377,0226059096,2014-11-18,4063835.4999999995,484.9538688,3966945.096127644,96890.40387235535,0.1579492377473642,0.0007005100996680946,2.9147583410671274e-06,False,True,False,True
13272,1825069072,2015-04-30,2885830.4,337.2380352,2989530.460793279,-103700.0607932792,-0.1690411209547595,0.0005927488860198492,2.8246310440971445e-06,False,True,False,True
118,3362400431,2014-06-26,1145314.65,147.7158336,1245295.0331025496,-99980.3831025497,-0.16298091496731973,0.0006323385889815195,2.8012163116554095e-06,False,True,False,True
130,2331300505,2014-06-13,1838040.75,215.53505280000002,1925199.1223932058,-87158.37239320576,-0.14209160296831172,0.0008042045198241761,2.7083294277509105e-06,False,True,False,True
18318,9287802380,2014-05-22,2080313.9999999998,193.23832320000002,2179172.9768776074,-98858.97687760764,-0.16114783636297983,0.000569802657957029,2.4675713023875724e-06,False,True,False,True
7781,8081010040,2014-09-11,2631200.0,293.5736064,2724472.358343765,-93272.35834376514,-0.15204515727843076,0.0006216581802377958,2.396710913430516e-06,False,True,False,True
5771,9197800010,2014-10-17,3573642.0000000005,390.192768,3490979.845310949,82662.15468905168,0.13476026577277403,0.0007850403041620435,2.377965195737852e-06,False,True,False,True
21569,9521100031,2014-06-18,1554846.0,143.0706816,1463514.9347020313,91331.06529796869,0.14888208089505567,0.0006413213294609761,2.3707617183588337e-06,False,True,False,True
16590,1370800825,2014-08-23,2956584.4,265.70269440000004,2860466.416162312,96117.98383768788,0.15667993343514708,0.0005714526243464765,2.3393973171994304e-06,False,True,False,True
19962,3821700038,2014-10-01,751001.5,119.8449216,842472.4035375416,-91470.90353754163,-0.1491047245550892,0.0005701175175414491,2.1137012981292844e-06,False,True,False,True
21455,2254502071,2014-05-23,832012.5,69.67728000000001,739923.5888239294,92088.91117607057,0.15011126612068945,0.0005586764354434141,2.099318713542807e-06,False,True,False,True
1776,1549500370,2014-05-05,468006.0,124.4900736,550173.2975726724,-82167.29757267237,-0.1339420384924975,0.0006136793517030337,1.8360760619214465e-06,False,True,False,True
16554,4217402162,2014-07-25,2641720.5,222.03826560000002,2556480.799562447,85239.70043755323,0.1389467180539552,0.0005606480095217347,1.8050081828625196e-06,False,True,False,True
6827,1320069163,2015-03-04,724237.2,137.49649920000002,803721.1940705106,-79483.99407051061,-0.12956995309464392,0.0006445999502402155,1.8047940761729978e-06,False,True,False,True
16842,0955000430,2014-09-03,1205226.0,114.27073920000001,1125700.1146215722,79525.8853784278,0.1296375373264349,0.0006337393930761024,1.7762181953939598e-06,False,True,False,True
19176,2420069220,2014-12-03,535186.3,122.63201280000001,455770.8742544651,79415.42574553494,0.12945737399820456,0.0006321991852294359,1.7669770765966606e-06,False,True,False,True
3544,1563100705,2014-09-12,1604319.0,179.3028672,1667572.6451921836,-63253.645192183554,-0.10312953654217608,0.0009799918207519564,1.738854111009076e-06,False,True,False,True
13427,0809002295,2014-10-29,2846047.4,261.05754240000005,2763149.3487586603,82898.05124133965,0.1351302968143265,0.0005699959750301601,1.735695816299214e-06,False,True,False,True
8131,2420069278,2015-03-19,936825.4,169.0835328,1010034.6778466776,-73209.27784667758,-0.1193461755102564,0.0007263514454814712,1.7255523229526714e-06,False,True,False,True
10258,0510003230,2014-08-10,1654994.2986,132.85134720000002,1573762.6306068003,81231.66799319978,0.1324150413563926,0.0005862892961465169,1.7143127409270076e-06,False,True,False,True
9775,3374500520,2015-04-29,1042812.5,228.54147840000002,1093593.2515885085,-50780.75158850849,-0.08281318194052169,0.001453009487316248,1.6632121018064408e-06,False,True,False,True
7054,3224510290,2014-10-16,2278840.0,340.9541568,2358502.4716551453,-79662.47165514529,-0.12985593215571495,0.0005681907680837044,1.5977666177012015e-06,False,True,False,True
9579,2742100085,2014-11-04,1132515.25,211.8189312,1198790.4645784423,-66275.21457844228,-0.10804507496297348,0.0007790367167640234,1.5168934987636967e-06,False,True,False,True
407,9385200055,2014-09-12,1511315.0,140.2835904,1439093.1543320268,72221.84566797316,0.11773214211151088,0.000653085728770106,1.5097073153211725e-06,False,True,False,True
8927,2114700540,2014-10-21,907570.2,122.63201280000001,982278.782180652,-74708.58218065207,-0.12178124008087426,0.0005768458148281089,1.4266579903394727e-06,False,True,False,True
16953,7151700585,2014-11-25,3091532.5,319.5864576,3021060.1510426328,70472.34895736724,0.11487904931431844,0.0006329385991015006,1.3930508373423956e-06,False,True,False,True
3529,8005100025,2014-09-19,461292.0,140.2835904,531085.4550380334,-69793.45503803343,-0.1137726030827734,0.0006371323663050196,1.3754049978419124e-06,False,True,False,True
20422,8562790940,2014-12-23,1603822.5000000002,170.9415936,1673901.6259246096,-70079.12592460937,-0.11423787776118127,0.0006300146431506733,1.3711764459211196e-06,False,True,False,True
11323,7234601221,2014-10-14,1649381.2499999998,118.9158912,1723275.5160777345,-73894.26607773476,-0.12045270197026917,0.0005580155693304494,1.350114401021962e-06,False,True,False,True
17944,2516000515,2014-12-18,1663248.6,143.99971200000002,1600642.5068870112,62606.09311298886,0.10206256512156064,0.0007608315238232057,1.3219065584267749e-06,False,True,False,True
14299,7237500360,2014-11-06,3798750.0000000005,515.6118720000001,3734656.394271843,64093.60572815733,0.10448520137923867,0.0007157490674782893,1.3032569986790188e-06,False,True,False,True
868,3955900830,2015-04-27,1365321.2,321.44451840000005,1430523.2126541808,-65202.01265418087,-0.10628800986284172,0.000638407209620274,1.2027972558429052e-06,False,True,False,True
21520,9521100867,2014-07-11,1055830.0,128.2061952,1123975.3766230047,-68145.37662300467,-0.1110827300088085,0.0005780001988944742,1.1893807946729448e-06,False,True,False,True
19795,5609000311,2015-04-10,2248104.9204,334.45094400000005,2316656.2870287374,-68551.36662873719,-0.11174411356828763,0.0005705856902351229,1.1881377858386908e-06,False,True,False,True
19324,3362400650,2015-01-16,2147826.0,224.8253568,2080019.2473297194,67806.75267028064,0.11053053181519036,0.0005741573614926297,1.1697515553125773e-06,False,True,False,True
11755,3134100023,2014-11-25,3154625.0,462.6571392,3213388.246837303,-58763.24683730304,-0.09579780176276825,0.0007602950751645545,1.1637838648933668e-06,False,True,False,True
11744,1994200260,2014-08-19,1964843.1300000001,255.48336,2017563.3358092606,-52720.205809260486,-0.08595403275411562,0.0009415878290541524,1.160516233790375e-06,False,True,False,True
4340,2620069113,2014-09-02,855798.0,148.644864,921967.0237640962,-66169.0237640962,-0.10786211680007371,0.0005967017071570185,1.1577189172259404e-06,False,True,False,True
2830,0148000705,2015-03-05,2693790.0,285.2123328,2753740.669707693,-59950.66970769316,-0.09773120649861856,0.0007117989309494525,1.1339185024102935e-06,False,True,False,True
3643,0369000881,2014-09-05,1741723.2,248.9801472,1796146.2967946008,-54423.09679460083,-0.08872598624070482,0.0008423174414250549,1.1060943706610423e-06,False,True,False,True
16143,2767603890,2015-03-04,2101182.0,221.1092352,2039867.1819727719,61314.81802722812,0.0999520996148378,0.0006531530234529705,1.0882565441981326e-06,False,True,False,True
21508,2524069097,2014-05-09,4968544.688,675.4051008,4933442.62154711,35102.0664528897,0.05725786838053706,0.0019226076561460678,1.052556821991223e-06,False,True,False,True
14690,0621069057,2015-03-23,1812441.0,250.838208,1754970.6574507132,57470.34254928678,0.0936846100613769,0.0006439026618567517,9.425083587309008e-07,False,True,False,True
11239,0808300200,2015-03-19,1527645.6,282.4252416,1588803.3665552512,-61157.76655525109,-0.09969178380023473,0.0005669616641799519,9.396529384730018e-07,False,True,False,True
14015,1336800880,2014-08-22,3188920.0,351.1734912,3133169.3407012373,55750.65929876268,0.09088118827984167,0.0006417002235919733,8.839093140719114e-07,False,True,False,True
19794,7904700128,2014-11-10,977515.0,127.27716480000001,1028537.7685354948,-51022.768535494804,-0.0831766437945531,0.0007032906361758083,8.115063310100631e-07,False,True,False,True
16296,3528900086,2014-05-08,2889384.9000000004,260.128512,2937557.090660274,-48172.190660273656,-0.07853293815844312,0.0007864767037815299,8.090586425987213e-07,False,True,False,True
20308,9144100007,2014-06-04,1749939.4899999998,151.4319552,1800060.5477191657,-50121.057719165925,-0.08170724850727187,0.0007170320459754173,7.983990323842014e-07,False,True,False,True
5162,9551201585,2014-07-01,2860403.8,244.3349952,2812070.440094821,48333.35990517866,0.07879474547561309,0.0007626461421643329,7.897646317562548e-07,False,True,False,True
14201,1370803460,2014-05-07,2985788.0000000005,274.99299840000003,2931816.9740549773,53971.02594502317,0.08797793742734147,0.0005915953531884371,7.636213432937564e-07,False,True,False,True
18148,8106100085,2014-05-09,3778187.9999999995,482.16677760000005,3827589.436976522,-49401.43697652267,-0.08053232372767118,0.0006723491988230267,7.272373881712756e-07,False,True,False,True
16343,0366000095,2014-10-09,2128346.0,240.61887360000003,2181988.8644092754,-53642.86440927535,-0.08744157822516886,0.0005590327650281785,7.127953209687692e-07,False,True,False,True
4542,2522029039,2014-09-29,1348710.0,339.09609600000005,1390669.9206781238,-41959.92067812383,-0.06840916275430561,0.0008976771493254612,7.007893635668557e-07,False,True,False,True
8166,3141600210,2014-06-19,419132.4,124.4900736,373823.1339714825,45309.26602851751,0.07386443459332724,0.0007538111302256081,6.859769932929967e-07,False,True,False,True
9810,1024069205,2015-01-14,3081085.0,436.644288,3037565.0320985764,43519.96790142357,0.0709488002033545,0.0007912612471984099,6.64358557586144e-07,False,True,False,True
11866,2927600435,2015-04-02,1806066.2,204.38668800000002,1756507.371059835,49558.828940164996,0.08078559909269123,0.0005907303517611005,6.429283283541623e-07,False,True,False,True
20011,3362400432,2014-06-11,1221308.25,153.290016,1270205.7731175572,-48897.52311755717,-0.07970818509952615,0.0006052075691177355,6.412418520096241e-07,False,True,False,True
1819,1337300070,2014-09-24,3165205.0,295.4316672,3206462.4356840104,-41257.43568401039,-0.06726177125008144,0.0008353389227951733,6.30392447853774e-07,False,True,False,True
15569,5493110080,2014-08-15,4140925.0000000005,560.2053312,4105211.750440806,35713.249559194315,0.05822918354951274,0.0010435906476271093,5.903557422560569e-07,False,True,False,True
10406,1814800060,2015-02-20,2769646.5,305.65100160000003,2808347.031816989,-38700.53181698918,-0.06309287453273187,0.000822975139936974,5.464540583563304e-07,False,True,False,True
17446,1959703070,2014-10-29,2385177.62,346.5283392,2426177.0568513796,-40999.43685137946,-0.06683774427943198,0.0007332970550342401,5.463750294442693e-07,False,True,False,True
19180,1924069115,2015-02-24,2501057.7,252.6962688,2460972.747443661,40084.95255633909,0.06534777193412196,0.0007586889051660241,5.403854805069925e-07,False,True,False,True
9514,8894200150,2014-12-17,3473865.0,542.9253657600001,3505113.1460013315,-31248.146001331508,-0.05095266025098204,0.0011874624514585583,5.144206304525426e-07,False,True,False,True
6134,6813600380,2014-12-24,1878239.9999999998,194.1673536,1834043.8056158796,44196.19438412017,0.07204327711354462,0.0005708034389796772,4.940492198550363e-07,False,True,False,True
944,0065000400,2014-10-22,1412517.0,138.4255296,1448941.7623675913,-36424.76236759126,-0.059383182910375934,0.0008384509573767414,4.931938423283216e-07,False,True,False,True
9668,1338300180,2014-07-29,3109362.738,367.8960384,3065347.721771702,44015.016228297725,0.07174765415991971,0.0005627717164629185,4.831042987577647e-07,False,True,False,True
20253,7853440050,2015-05-05,2361279.913,371.61216,2401195.216654472,-39915.30365447188,-0.06506498411251156,0.0005676081722508141,4.007177909370157e-07,False,True,False,True
6672,5608000630,2014-11-03,3763108.5000000005,418.06368000000003,3729572.493151255,33536.006848745514,0.054672170901223505,0.0007842674888417032,3.910086241901544e-07,False,True,False,True
5016,3362401815,2014-09-30,1872564.0,131.9223168,1910418.8463727012,-37854.84637270123,-0.061707491304947897,0.0006067848365482516,3.8532115516154863e-07,False,True,False,True
965,1917300260,2014-12-02,538944.0,141.2126208,574968.9549012482,-36024.95490124822,-0.058726345750859686,0.0006672085743842926,3.837657261155418e-07,False,True,False,True
21510,9521100866,2014-06-18,1086138.8,128.2061952,1123975.3766230047,-37836.57662300463,-0.061676821433135395,0.0005780001988944742,3.6666697878857474e-07,False,True,False,True
15362,1175000280,2014-11-07,1819760.7499999998,143.99971200000002,1798886.291745074,20874.458254925674,0.03404889272799768,0.0018549848508669546,3.5908847038678444e-07,False,True,False,True
19596,1321059013,2015-03-19,2366545.0,348.38640000000004,2329785.77629143,36759.22370857,0.05992026366083113,0.0005652785436919341,3.384575831870729e-07,False,True,False,True
10879,2767704756,2014-10-20,1154038.0,118.9158912,1184710.793702662,-30672.79370266199,-0.05000460127028726,0.0007919317187813687,3.3029385399761087e-07,False,True,False,True
15620,2413910050,2015-02-13,1717716.0,304.72197120000004,1750377.3036362529,-32661.30363625288,-0.05324389442783526,0.0006983489759791635,3.301902709368584e-07,False,True,False,True
888,2110200036,2014-11-11,1795080.0,222.967296,1830390.0391616523,-35310.03916165233,-0.05755885580326655,0.0005955099692173677,3.2901886044442237e-07,False,True,False,True
13481,0823000174,2014-07-28,2051784.0,339.09609600000005,2085609.8236646429,-33825.82366464287,-0.05514044660572495,0.0006320796178938409,3.2050565010779955e-07,False,True,False,True
7517,7544800395,2015-02-25,1289070.0,93.8320704,1323262.2996909395,-34192.299690939486,-0.0557359552024032,0.0005641402284653155,2.9224816217430725e-07,False,True,False,True
21026,0745530180,2015-03-17,2843421.0,417.59916480000004,2811553.058247611,31867.941752389073,0.05194898626358026,0.000637435010975039,2.868902176370633e-07,False,True,False,True
4201,9482700475,2014-09-27,2127125.0,264.773664,2156008.5884521976,-28883.58845219761,-0.047086800437385626,0.0007523473903321854,2.782225929460881e-07,False,True,False,True
14963,5700003810,2014-07-23,3285896.0000000005,364.1799168,3255746.695943162,30149.30405683862,0.04914821382279674,0.0006714216535536593,2.704900309616005e-07,False,True,False,True
9354,8127700735,2014-06-16,2443273.5,327.9477312,2473194.405183427,-29920.905183427036,-0.04877442533554318,0.0006115281314504452,2.4261361934780795e-07,False,True,False,True
21011,6666830230,2014-06-30,1943851.6150000002,330.73482240000004,1973837.1466813833,-29985.53168138303,-0.04887964258861837,0.0006061641802071922,2.4152294506768063e-07,False,True,False,True
14683,4139910180,2015-01-14,3867745.0,443.14750080000005,3841866.6059244424,25878.39407555759,0.042188072520927,0.000772268906039356,2.2926205886392615e-07,False,True,False,True
19141,0844000375,2015-03-03,973208.5,293.5736064,951072.6317513809,22135.86824861914,0.036091752212666604,0.0010439293639291254,2.268764442533448e-07,False,True,False,True
6062,3179102155,2015-01-08,2045844.0,278.70912000000004,2017223.134149745,28620.865850254893,0.04665503727693848,0.0006038853598586292,2.1921116769229711e-07,False,True,False,True
21375,2309710150,2014-08-04,733752.4999999999,260.128512,758796.2552669942,-25043.755266994354,-0.0408251985614233,0.0006640915136190417,1.8459579276814917e-07,False,True,False,True
15857,0192700080,2015-02-13,885830.4,192.3092928,864784.240954034,21046.159045965993,0.034312029235853525,0.0008697877700622261,1.7081765730621357e-07,False,True,False,True
21372,6431000748,2014-10-27,838787.1,119.8449216,814738.9393481165,24048.16065188346,0.03920216578242101,0.0006610625497099655,1.6943324032832694e-07,False,True,False,True
1249,9103000393,2014-09-10,2813457.5,346.71414528,2839273.2128019407,-25815.71280194074,-0.04208153824110847,0.0005657444054786916,1.6706981816855413e-07,False,True,False,True
20084,2767704252,2014-11-03,1187304.2000000002,132.85134720000002,1161624.7544704676,25679.44552953262,0.041859321442598865,0.000561400100884013,1.6403989601300997e-07,False,True,False,True
9279,8129700644,2014-07-03,1593091.5,193.23832320000002,1572217.1929525584,20874.3070474416,0.03402965057725816,0.0007403352863439121,1.4299268502198277e-07,False,True,False,True
10087,7767000060,2014-09-12,4417690.0,604.7987904,4401999.67012848,15690.3298715204,0.025585403252618988,0.0012683385605785427,1.3855418896729016e-07,False,True,False,True
4696,4047200300,2015-02-05,1642886.14,242.0124192,1665869.85271959,-22983.71271959017,-0.037465453409716874,0.0005810365749219087,1.3600867843248505e-07,False,True,False,True
19658,2922059212,2015-01-09,1275984.0,281.31040512000004,1289966.69391834,-13982.693918339908,-0.022804040534748514,0.0015477602628137903,1.343534290015479e-07,False,True,False,True
19670,8141300030,2015-02-10,954550.0,178.37383680000002,933249.8625907376,21300.13740926236,0.03472194892560643,0.0006311132464065367,1.268932172555935e-07,False,True,False,True
7683,9286000150,2015-03-30,3667612.5,495.17320320000005,3687854.4576981813,-20241.95769818127,-0.03299713922386915,0.0006407201924754254,1.1634509793441336e-07,False,True,False,True
14558,2303900035,2014-06-11,6442261.600000001,805.4693568,6432671.90008419,9589.699915810488,0.015649752663861715,0.0028413054341372493,1.1631007813306389e-07,False,True,False,True
998,8856004730,2014-09-17,467563.08,147.7158336,452800.0413611829,14763.038638817088,0.024071170670700765,0.0010901615183389057,1.0539202062326621e-07,False,True,False,True
11421,7116500125,2014-05-28,423454.5,157.935168,404958.80415549874,18495.695844501257,0.030151106756378037,0.0006812520096496424,1.0329017843674045e-07,False,True,False,True
18179,7011201333,2014-09-17,1379656.0,119.8449216,1363007.3826548457,16648.617345154285,0.027141526089892655,0.0007894315791146618,9.700067407702762e-08,False,True,False,True
15963,2767704332,2014-09-30,1149519.0,129.1352256,1168621.2023208514,-19102.202320851386,-0.031138196916049903,0.0005774097790333822,9.336210699255777e-08,False,True,False,True
19135,7151700360,2014-12-11,2703154.545,248.9801472,2718385.5688274056,-15231.023827405646,-0.02483114772871678,0.0008428288081429834,8.668578746711182e-08,False,True,False,True
4103,7202340930,2014-12-09,1651495.68,304.72197120000004,1633931.453462176,17564.22653782391,0.02863189362145164,0.0006281362931842005,8.587676228933244e-08,False,True,False,True
11130,0476000324,2014-10-16,1139420.0,127.27716480000001,1156144.9542041942,-16724.954204194248,-0.02726319296088074,0.0005855098509217806,7.257561903188017e-08,False,True,False,True
19816,3758900075,2014-05-07,3414716.5000000005,396.69598080000003,3430877.9215781614,-16161.421578160953,-0.026344785917686443,0.0006008565309913658,6.954564035760413e-08,False,True,False,True
17821,2420069268,2014-08-21,417541.18,114.27073920000001,432317.0836024806,-14775.903602480597,-0.02408656845222116,0.0006274026137862709,6.070402661000363e-08,False,True,False,True
9416,5700003630,2014-06-30,4239812.5,448.72168320000003,4249568.962773852,-9756.46277385205,-0.015909942771301405,0.0013420796074756908,5.669535920933806e-08,False,True,False,True
6081,9822700190,2014-08-08,2942208.0,339.09609600000005,2950253.4901866987,-8045.490186698735,-0.01312016019983204,0.001389920787353241,3.993200624987756e-08,False,True,False,True
3285,2028700535,2015-02-25,2449233.0,236.90275200000002,2437490.843848683,11742.15615131706,0.019141119929613228,0.0006210070119589306,3.794457789395569e-08,False,True,False,True
7348,4139910250,2015-02-10,4281437.5,543.482784,4272315.991587378,9121.508412621915,0.014872122401193172,0.0010203858004031435,3.7653246930689804e-08,False,True,False,True
6221,2421059090,2015-05-11,1931200.0,379.9734336,1940164.6049635187,-8964.60496351868,-0.014614171136100508,0.0007293361996555774,2.5980156275626402e-08,False,True,False,True
7078,0269000950,2014-07-30,2222253.0,236.90275200000002,2214421.584699556,7831.4153004437685,0.012767972417295393,0.0009071730215997928,2.4670440640913372e-08,False,True,False,True
12213,1727850350,2014-11-12,3040450.0,323.3025792,3032065.5993852243,8384.400614775717,0.013667351997266158,0.0005881718397868773,1.8322184478865996e-08,False,True,False,True
5382,6421100502,2014-09-15,1626369.5,305.65100160000003,1633840.0175408795,-7470.517540879548,-0.012177807605442882,0.0006160629733377998,1.523630680734335e-08,False,True,False,True
18130,7586200061,2015-03-12,1168912.5,118.9158912,1162258.9337068722,6653.566293127835,0.010846286425750168,0.0006536264956144844,1.2824029115134846e-08,False,True,False,True
17179,1336800185,2014-06-17,2664591.0,232.25760000000002,2658350.3145295754,6240.6854704245925,0.010173668203069202,0.0007396572365628712,1.2768966501586555e-08,False,True,False,True
2202,1329000030,2014-09-04,3755807.9999999995,417.13464960000005,3761283.1668658257,-5475.166865826119,-0.008925593423426926,0.0007141881833288661,9.489555908322072e-09,False,True,False,True
18784,1126059201,2015-05-04,3902344.3060000003,409.70240640000003,3897320.1750213727,5024.130978627596,0.008190711530223825,0.0008105349664722962,9.07018029004594e-09,False,True,False,True
1102,7237500390,2014-11-10,3986230.0,563.9214528,3982694.263940744,3535.736059255898,0.005764625184137437,0.0009511412592279481,5.27289583765346e-09,False,True,False,True
3824,5104511730,2015-04-09,1675477.6700000002,351.1734912,1679298.169840008,-3820.499840007862,-0.006227769908858109,0.0005882382026465086,3.804719435308318e-09,False,True,False,True
19885,2768100186,2014-06-18,1160501.0,126.3481344,1157138.5042785555,3362.4957214444876,0.005481596665703654,0.000739941289487114,3.708357859812943e-09,False,True,False,True
7120,7227800660,2014-05-22,663930.0,189.52220160000002,667057.4321430624,-3127.432143062353,-0.0050980608483516725,0.0006100829431794112,2.6443120170045406e-09,False,True,False,True
4819,2517010630,2015-05-08,1228606.0,308.4380928,1225486.8303988203,3119.1696011796594,0.0050845876746843715,0.0006083866608633439,2.6230357704917234e-09,False,True,False,True
21457,6431000749,2014-09-22,833063.0,124.4900736,835608.8645763621,-2545.8645763620734,-0.004150109580164518,0.0006429731758328013,1.8468858851636753e-09,False,True,False,True
19427,9528102865,2015-02-26,2282439.5999999996,281.4962112,2284691.2191531807,-2251.619153181091,-0.0036704292061510947,0.0006321666861731617,1.4203281436038144e-09,False,True,False,True
15619,3026079005,2014-10-17,1566528.0000000002,263.8446336,1567771.9647565708,-1243.9647565705236,-0.002027848407284083,0.0006574419873614339,4.5088187314800555e-10,False,True,False,True
